Original Excel row	Family	V1 Count	V2 Target	Delta	Direction	Primary Rationale
2	Face & Photo Socks	25	20	-5	Reduce	Keep novelty/pet strength; merge relationship variants into options.
3	Personalized Mugs	25	28	3	Expand	Year-round personalized gifting; add handwriting/home/long-distance angles.
4	Personalized T-Shirts	25	28	3	Expand	Core POD staple; retain but avoid generic duplication.
5	Personalized Sweatshirts	25	32	7	Expand	Strong apparel + stitched/embroidered-look opportunity.
6	Personalized Hoodies	25	23	-2	Reduce	Strong staple; slightly reduce relationship duplication.
7	Photo & Pet Blankets	25	28	3	Expand	Premium personalized home/gift product.
8	Personalized Pillows	25	18	-7	Reduce	Useful home decor but several occasions duplicate stronger products.
9	Personalized Phone Cases	25	25	0	Keep	Keep; refresh aesthetics/trend overlays frequently.
10	Personalized Tote Bags	25	18	-7	Reduce	Keep practical winners; reduce recipient duplication.
11	Personalized Ornaments	25	28	3	Expand	Strong seasonal personalization; expand occasion depth.
12	Personalized Posters	25	23	-2	Reduce	Keep wall-art strength; reduce weak generic occasions.
13	Personalized Canvas	25	23	-2	Reduce	Premium wall-art keepsake; modest focus.
14	Personalized Journals	25	28	3	Expand	Expand memory/analog/keepsake use cases.
15	Personalized Candles	25	10	-15	Reduce	Keep select gifting occasions; reduce label-level duplication.
16	Personalized Drinkware	25	28	3	Expand	Expand utility + personalization across recipient/occasion niches.
17	Baby & Kids	25	25	0	Keep	Keep milestone/personalization breadth.
18	AOP Leggings	25	10	-15	Reduce	Reduce; weaker personalization fit and seam/panel complexity.
19	Personalized Pajamas	25	15	-10	Reduce	Reduce sizing/AOP complexity; keep strongest family/seasonal concepts.
20	Family/Couple/Memorial Gifts	25	30	5	Expand	Expand high-intent emotional/occasion layer.
21	Advanced Transformations	25	18	-7	Reduce	Keep differentiated transformations; merge style variants.
22	NEW Kitchen/Home Keepsakes	0	12	12	Expand	Exploit handwriting/recipe/new-home personalization.
23	NEW Desk/Tech Accessories	0	10	10	Expand	Test profitable functional personalization and desk-mat demand.
24	NEW Travel Accessories	0	10	10	Expand	Test travel/wedding/family personalization.
25	NEW Hats/Caps/Beanies	0	10	10	Expand	Test embroidery-friendly small-format personalization.
