Original Excel row	V2 ID	Source DG ID	Family	Concept	Engine	Physical Product	Supplier Gate	Template State	Origin	Recommended Stage
2	DG2-001	DG-001	Face & Photo Socks	Dog face	FACE_REPEAT	PP-001	PRINTIFY_PRIMARY	TEMPLATE_RESEARCH	V1 retained	Re-score
3	DG2-002	DG-002	Face & Photo Socks	Cat face	FACE_REPEAT	PP-001	PRINTIFY_PRIMARY	TEMPLATE_RESEARCH	V1 retained	Re-score
4	DG2-003	DG-003	Face & Photo Socks	Any pet	FACE_REPEAT	PP-001	PRINTIFY_PRIMARY	TEMPLATE_RESEARCH	V1 retained	Re-score
5	DG2-004	DG-004	Face & Photo Socks	Boyfriend face	FACE_REPEAT	PP-001	PRINTIFY_PRIMARY	TEMPLATE_RESEARCH	V1 retained	Re-score
6	DG2-005	DG-005	Face & Photo Socks	Girlfriend face	FACE_REPEAT	PP-001	PRINTIFY_PRIMARY	TEMPLATE_RESEARCH	V1 retained	Re-score
7	DG2-006	DG-011	Face & Photo Socks	Grandma	FACE_REPEAT	PP-001	PRINTIFY_PRIMARY	TEMPLATE_RESEARCH	V1 retained	Re-score
8	DG2-007	DG-012	Face & Photo Socks	Child	FACE_REPEAT	PP-001	PRINTIFY_PRIMARY	TEMPLATE_RESEARCH	V1 retained	Re-score
9	DG2-008	DG-013	Face & Photo Socks	Baby	FACE_REPEAT	PP-001	PRINTIFY_PRIMARY	TEMPLATE_RESEARCH	V1 retained	Re-score
10	DG2-009	DG-014	Face & Photo Socks	Couple	FACE_REPEAT	PP-001	PRINTIFY_PRIMARY	TEMPLATE_RESEARCH	V1 retained	Re-score
11	DG2-010	DG-015	Face & Photo Socks	Best friend	FACE_REPEAT	PP-001	PRINTIFY_PRIMARY	TEMPLATE_RESEARCH	V1 retained	Re-score
12	DG2-011	DG-016	Face & Photo Socks	Bride	FACE_REPEAT	PP-001	PRINTIFY_PRIMARY	TEMPLATE_RESEARCH	V1 retained	Re-score
13	DG2-012	DG-017	Face & Photo Socks	Groom	FACE_REPEAT	PP-001	PRINTIFY_PRIMARY	TEMPLATE_RESEARCH	V1 retained	Re-score
14	DG2-013	DG-018	Face & Photo Socks	Bridesmaids	FACE_REPEAT	PP-001	PRINTIFY_PRIMARY	TEMPLATE_RESEARCH	V1 retained	Re-score
15	DG2-014	DG-019	Face & Photo Socks	Groomsmen	FACE_REPEAT	PP-001	PRINTIFY_PRIMARY	TEMPLATE_RESEARCH	V1 retained	Re-score
16	DG2-015	DG-020	Face & Photo Socks	Birthday face	FACE_REPEAT	PP-001	PRINTIFY_PRIMARY	TEMPLATE_RESEARCH	V1 retained	Re-score
17	DG2-016	DG-021	Face & Photo Socks	Graduation face	FACE_REPEAT	PP-001	PRINTIFY_PRIMARY	TEMPLATE_RESEARCH	V1 retained	Re-score
18	DG2-017	DG-022	Face & Photo Socks	Christmas face	FACE_REPEAT	PP-001	PRINTIFY_PRIMARY	TEMPLATE_RESEARCH	V1 retained	Re-score
19	DG2-018	DG-023	Face & Photo Socks	Valentine couple	FACE_REPEAT	PP-001	PRINTIFY_PRIMARY	TEMPLATE_RESEARCH	V1 retained	Re-score
20	DG2-019	DG-024	Face & Photo Socks	Multi-family face	FACE_REPEAT	PP-001	PRINTIFY_PRIMARY	TEMPLATE_RESEARCH	V1 retained	Re-score
21	DG2-020	DG-025	Face & Photo Socks	Face + custom text	FACE_REPEAT	PP-001	PRINTIFY_PRIMARY	TEMPLATE_RESEARCH	V1 retained	Re-score
22	DG2-021	DG-026	Personalized Mugs	Pet portrait	PHOTO_TEXT	PP-002	PRINTIFY_PRIMARY	TEMPLATE_RESEARCH	V1 retained	Re-score
23	DG2-022	DG-027	Personalized Mugs	Pet + name	PHOTO_TEXT	PP-002	PRINTIFY_PRIMARY	TEMPLATE_RESEARCH	V1 retained	Re-score
24	DG2-023	DG-028	Personalized Mugs	Dog mom	PHOTO_TEXT	PP-002	PRINTIFY_PRIMARY	TEMPLATE_RESEARCH	V1 retained	Re-score
25	DG2-024	DG-029	Personalized Mugs	Dog dad	PHOTO_TEXT	PP-002	PRINTIFY_PRIMARY	TEMPLATE_RESEARCH	V1 retained	Re-score
26	DG2-025	DG-030	Personalized Mugs	Cat mom	PHOTO_TEXT	PP-002	PRINTIFY_PRIMARY	TEMPLATE_RESEARCH	V1 retained	Re-score
27	DG2-026	DG-031	Personalized Mugs	Cat dad	PHOTO_TEXT	PP-002	PRINTIFY_PRIMARY	TEMPLATE_RESEARCH	V1 retained	Re-score
28	DG2-027	DG-032	Personalized Mugs	Couple photo	PHOTO_TEXT	PP-002	PRINTIFY_PRIMARY	TEMPLATE_RESEARCH	V1 retained	Re-score
29	DG2-028	DG-033	Personalized Mugs	Wedding photo	PHOTO_TEXT	PP-002	PRINTIFY_PRIMARY	TEMPLATE_RESEARCH	V1 retained	Re-score
30	DG2-029	DG-034	Personalized Mugs	Anniversary	PHOTO_TEXT	PP-002	PRINTIFY_PRIMARY	TEMPLATE_RESEARCH	V1 retained	Re-score
31	DG2-030	DG-035	Personalized Mugs	Mom	PHOTO_TEXT	PP-002	PRINTIFY_PRIMARY	TEMPLATE_RESEARCH	V1 retained	Re-score
32	DG2-031	DG-036	Personalized Mugs	Dad	PHOTO_TEXT	PP-002	PRINTIFY_PRIMARY	TEMPLATE_RESEARCH	V1 retained	Re-score
33	DG2-032	DG-037	Personalized Mugs	Grandma	PHOTO_TEXT	PP-002	PRINTIFY_PRIMARY	TEMPLATE_RESEARCH	V1 retained	Re-score
34	DG2-033	DG-038	Personalized Mugs	Grandpa	PHOTO_TEXT	PP-002	PRINTIFY_PRIMARY	TEMPLATE_RESEARCH	V1 retained	Re-score
35	DG2-034	DG-039	Personalized Mugs	Family collage	PHOTO_COLLAGE	PP-002	PRINTIFY_PRIMARY	TEMPLATE_RESEARCH	V1 retained	Re-score
36	DG2-035	DG-040	Personalized Mugs	Best friend	PHOTO_TEXT	PP-002	PRINTIFY_PRIMARY	TEMPLATE_RESEARCH	V1 retained	Re-score
37	DG2-036	DG-041	Personalized Mugs	Coworker	PHOTO_TEXT	PP-002	PRINTIFY_PRIMARY	TEMPLATE_RESEARCH	V1 retained	Re-score
38	DG2-037	DG-042	Personalized Mugs	Teacher	PHOTO_TEXT	PP-002	PRINTIFY_PRIMARY	TEMPLATE_RESEARCH	V1 retained	Re-score
39	DG2-038	DG-043	Personalized Mugs	Graduation	PHOTO_TEXT	PP-002	PRINTIFY_PRIMARY	TEMPLATE_RESEARCH	V1 retained	Re-score
40	DG2-039	DG-044	Personalized Mugs	New baby	PHOTO_TEXT	PP-002	PRINTIFY_PRIMARY	TEMPLATE_RESEARCH	V1 retained	Re-score
41	DG2-040	DG-045	Personalized Mugs	Memorial	MEMORIAL	PP-002	PRINTIFY_PRIMARY	TEMPLATE_RESEARCH	V1 retained	Re-score
42	DG2-041	DG-046	Personalized Mugs	Pet memorial	MEMORIAL	PP-002	PRINTIFY_PRIMARY	TEMPLATE_RESEARCH	V1 retained	Re-score
43	DG2-042	DG-047	Personalized Mugs	Birthday	PHOTO_TEXT	PP-002	PRINTIFY_PRIMARY	TEMPLATE_RESEARCH	V1 retained	Re-score
44	DG2-043	DG-048	Personalized Mugs	Travel memory	PHOTO_TEXT	PP-002	PRINTIFY_PRIMARY	TEMPLATE_RESEARCH	V1 retained	Re-score
45	DG2-044	DG-049	Personalized Mugs	Handwriting/message	HANDWRITING	PP-002	PRINTIFY_PRIMARY	TEMPLATE_RESEARCH	V1 retained	Re-score
46	DG2-045	DG-050	Personalized Mugs	Child drawing	CHILD_ART	PP-002	PRINTIFY_PRIMARY	TEMPLATE_RESEARCH	V1 retained	Re-score
47	DG2-046	DG-051	Personalized T-Shirts	Dog portrait	PET_PORTRAIT	PP-003	PRINTIFY_PRIMARY	TEMPLATE_RESEARCH	V1 retained	Re-score
48	DG2-047	DG-052	Personalized T-Shirts	Cat portrait	PET_PORTRAIT	PP-003	PRINTIFY_PRIMARY	TEMPLATE_RESEARCH	V1 retained	Re-score
49	DG2-048	DG-053	Personalized T-Shirts	Multi-pet	PET_PORTRAIT	PP-003	PRINTIFY_PRIMARY	TEMPLATE_RESEARCH	V1 retained	Re-score
50	DG2-049	DG-054	Personalized T-Shirts	Dog mom	PET_PORTRAIT	PP-003	PRINTIFY_PRIMARY	TEMPLATE_RESEARCH	V1 retained	Re-score
51	DG2-050	DG-055	Personalized T-Shirts	Dog dad	PET_PORTRAIT	PP-003	PRINTIFY_PRIMARY	TEMPLATE_RESEARCH	V1 retained	Re-score
52	DG2-051	DG-056	Personalized T-Shirts	Pet memorial	MEMORIAL	PP-003	PRINTIFY_PRIMARY	TEMPLATE_RESEARCH	V1 retained	Re-score
53	DG2-052	DG-057	Personalized T-Shirts	Human photo	PET_PORTRAIT	PP-003	PRINTIFY_PRIMARY	TEMPLATE_RESEARCH	V1 retained	Re-score
54	DG2-053	DG-058	Personalized T-Shirts	Couple	PET_PORTRAIT	PP-003	PRINTIFY_PRIMARY	TEMPLATE_RESEARCH	V1 retained	Re-score
55	DG2-054	DG-059	Personalized T-Shirts	Family	PET_PORTRAIT	PP-003	PRINTIFY_PRIMARY	TEMPLATE_RESEARCH	V1 retained	Re-score
56	DG2-055	DG-060	Personalized T-Shirts	Vintage collage	PHOTO_COLLAGE	PP-003	PRINTIFY_PRIMARY	TEMPLATE_RESEARCH	V1 retained	Re-score
57	DG2-056	DG-061	Personalized T-Shirts	Retro portrait	PET_PORTRAIT	PP-003	PRINTIFY_PRIMARY	TEMPLATE_RESEARCH	V1 retained	Re-score
58	DG2-057	DG-062	Personalized T-Shirts	Mom	PET_PORTRAIT	PP-003	PRINTIFY_PRIMARY	TEMPLATE_RESEARCH	V1 retained	Re-score
59	DG2-058	DG-063	Personalized T-Shirts	Dad	PET_PORTRAIT	PP-003	PRINTIFY_PRIMARY	TEMPLATE_RESEARCH	V1 retained	Re-score
60	DG2-059	DG-064	Personalized T-Shirts	Grandma	PET_PORTRAIT	PP-003	PRINTIFY_PRIMARY	TEMPLATE_RESEARCH	V1 retained	Re-score
61	DG2-060	DG-065	Personalized T-Shirts	Grandpa	PET_PORTRAIT	PP-003	PRINTIFY_PRIMARY	TEMPLATE_RESEARCH	V1 retained	Re-score
62	DG2-061	DG-066	Personalized T-Shirts	Birthday	PET_PORTRAIT	PP-003	PRINTIFY_PRIMARY	TEMPLATE_RESEARCH	V1 retained	Re-score
63	DG2-062	DG-067	Personalized T-Shirts	Graduation	PET_PORTRAIT	PP-003	PRINTIFY_PRIMARY	TEMPLATE_RESEARCH	V1 retained	Re-score
64	DG2-063	DG-068	Personalized T-Shirts	Bride	PET_PORTRAIT	PP-003	PRINTIFY_PRIMARY	TEMPLATE_RESEARCH	V1 retained	Re-score
65	DG2-064	DG-069	Personalized T-Shirts	Groom	PET_PORTRAIT	PP-003	PRINTIFY_PRIMARY	TEMPLATE_RESEARCH	V1 retained	Re-score
66	DG2-065	DG-070	Personalized T-Shirts	Bridal party	PET_PORTRAIT	PP-003	PRINTIFY_PRIMARY	TEMPLATE_RESEARCH	V1 retained	Re-score
67	DG2-066	DG-071	Personalized T-Shirts	Family reunion	PET_PORTRAIT	PP-003	PRINTIFY_PRIMARY	TEMPLATE_RESEARCH	V1 retained	Re-score
68	DG2-067	DG-072	Personalized T-Shirts	Vacation	PET_PORTRAIT	PP-003	PRINTIFY_PRIMARY	TEMPLATE_RESEARCH	V1 retained	Re-score
69	DG2-068	DG-073	Personalized T-Shirts	Child drawing	CHILD_ART	PP-003	PRINTIFY_PRIMARY	TEMPLATE_RESEARCH	V1 retained	Re-score
70	DG2-069	DG-074	Personalized T-Shirts	Handwriting	HANDWRITING	PP-003	PRINTIFY_PRIMARY	TEMPLATE_RESEARCH	V1 retained	Re-score
71	DG2-070	DG-075	Personalized T-Shirts	Photo + message	PET_PORTRAIT	PP-003	PRINTIFY_PRIMARY	TEMPLATE_RESEARCH	V1 retained	Re-score
72	DG2-071	DG-076	Personalized Sweatshirts	Dog portrait	PET_PORTRAIT	PP-004	PRINTIFY_PRIMARY	TEMPLATE_RESEARCH	V1 retained	Re-score
73	DG2-072	DG-077	Personalized Sweatshirts	Cat portrait	PET_PORTRAIT	PP-004	PRINTIFY_PRIMARY	TEMPLATE_RESEARCH	V1 retained	Re-score
74	DG2-073	DG-078	Personalized Sweatshirts	Multi-pet	PET_PORTRAIT	PP-004	PRINTIFY_PRIMARY	TEMPLATE_RESEARCH	V1 retained	Re-score
75	DG2-074	DG-079	Personalized Sweatshirts	Embroidered-look portrait	PET_PORTRAIT	PP-004	PRINTIFY_PRIMARY	TEMPLATE_RESEARCH	V1 retained	Re-score
76	DG2-075	DG-080	Personalized Sweatshirts	Line art	LINE_ART	PP-004	PRINTIFY_PRIMARY	TEMPLATE_RESEARCH	V1 retained	Re-score
77	DG2-076	DG-081	Personalized Sweatshirts	Minimalist pet	PET_PORTRAIT	PP-004	PRINTIFY_PRIMARY	TEMPLATE_RESEARCH	V1 retained	Re-score
78	DG2-077	DG-082	Personalized Sweatshirts	Varsity pet	PET_PORTRAIT	PP-004	PRINTIFY_PRIMARY	TEMPLATE_RESEARCH	V1 retained	Re-score
79	DG2-078	DG-083	Personalized Sweatshirts	Retro pet	PET_PORTRAIT	PP-004	PRINTIFY_PRIMARY	TEMPLATE_RESEARCH	V1 retained	Re-score
80	DG2-079	DG-084	Personalized Sweatshirts	Pet memorial	MEMORIAL	PP-004	PRINTIFY_PRIMARY	TEMPLATE_RESEARCH	V1 retained	Re-score
81	DG2-080	DG-085	Personalized Sweatshirts	Dog mom	PET_PORTRAIT	PP-004	PRINTIFY_PRIMARY	TEMPLATE_RESEARCH	V1 retained	Re-score
82	DG2-081	DG-086	Personalized Sweatshirts	Dog dad	PET_PORTRAIT	PP-004	PRINTIFY_PRIMARY	TEMPLATE_RESEARCH	V1 retained	Re-score
83	DG2-082	DG-087	Personalized Sweatshirts	Couple	PET_PORTRAIT	PP-004	PRINTIFY_PRIMARY	TEMPLATE_RESEARCH	V1 retained	Re-score
84	DG2-083	DG-088	Personalized Sweatshirts	Anniversary	PET_PORTRAIT	PP-004	PRINTIFY_PRIMARY	TEMPLATE_RESEARCH	V1 retained	Re-score
85	DG2-084	DG-089	Personalized Sweatshirts	Wedding	PET_PORTRAIT	PP-004	PRINTIFY_PRIMARY	TEMPLATE_RESEARCH	V1 retained	Re-score
86	DG2-085	DG-090	Personalized Sweatshirts	Family	PET_PORTRAIT	PP-004	PRINTIFY_PRIMARY	TEMPLATE_RESEARCH	V1 retained	Re-score
87	DG2-086	DG-091	Personalized Sweatshirts	Mom	PET_PORTRAIT	PP-004	PRINTIFY_PRIMARY	TEMPLATE_RESEARCH	V1 retained	Re-score
88	DG2-087	DG-092	Personalized Sweatshirts	Dad	PET_PORTRAIT	PP-004	PRINTIFY_PRIMARY	TEMPLATE_RESEARCH	V1 retained	Re-score
89	DG2-088	DG-093	Personalized Sweatshirts	Grandma	PET_PORTRAIT	PP-004	PRINTIFY_PRIMARY	TEMPLATE_RESEARCH	V1 retained	Re-score
90	DG2-089	DG-094	Personalized Sweatshirts	Grandpa	PET_PORTRAIT	PP-004	PRINTIFY_PRIMARY	TEMPLATE_RESEARCH	V1 retained	Re-score
91	DG2-090	DG-095	Personalized Sweatshirts	Child	PET_PORTRAIT	PP-004	PRINTIFY_PRIMARY	TEMPLATE_RESEARCH	V1 retained	Re-score
92	DG2-091	DG-096	Personalized Sweatshirts	Birthday	PET_PORTRAIT	PP-004	PRINTIFY_PRIMARY	TEMPLATE_RESEARCH	V1 retained	Re-score
93	DG2-092	DG-097	Personalized Sweatshirts	Graduation	PET_PORTRAIT	PP-004	PRINTIFY_PRIMARY	TEMPLATE_RESEARCH	V1 retained	Re-score
94	DG2-093	DG-098	Personalized Sweatshirts	Handwriting	HANDWRITING	PP-004	PRINTIFY_PRIMARY	TEMPLATE_RESEARCH	V1 retained	Re-score
95	DG2-094	DG-099	Personalized Sweatshirts	Photo collage	PHOTO_COLLAGE	PP-004	PRINTIFY_PRIMARY	TEMPLATE_RESEARCH	V1 retained	Re-score
96	DG2-095	DG-100	Personalized Sweatshirts	Photo + date	PET_PORTRAIT	PP-004	PRINTIFY_PRIMARY	TEMPLATE_RESEARCH	V1 retained	Re-score
97	DG2-096	DG-101	Personalized Hoodies	Dog portrait	PET_PORTRAIT	PP-005	PRINTIFY_PRIMARY	TEMPLATE_RESEARCH	V1 retained	Re-score
98	DG2-097	DG-102	Personalized Hoodies	Cat portrait	PET_PORTRAIT	PP-005	PRINTIFY_PRIMARY	TEMPLATE_RESEARCH	V1 retained	Re-score
99	DG2-098	DG-103	Personalized Hoodies	Multi-pet	PET_PORTRAIT	PP-005	PRINTIFY_PRIMARY	TEMPLATE_RESEARCH	V1 retained	Re-score
100	DG2-099	DG-104	Personalized Hoodies	Pet memorial	MEMORIAL	PP-005	PRINTIFY_PRIMARY	TEMPLATE_RESEARCH	V1 retained	Re-score
101	DG2-100	DG-105	Personalized Hoodies	Dog mom	PET_PORTRAIT	PP-005	PRINTIFY_PRIMARY	TEMPLATE_RESEARCH	V1 retained	Re-score
102	DG2-101	DG-106	Personalized Hoodies	Dog dad	PET_PORTRAIT	PP-005	PRINTIFY_PRIMARY	TEMPLATE_RESEARCH	V1 retained	Re-score
103	DG2-102	DG-107	Personalized Hoodies	Human portrait	PET_PORTRAIT	PP-005	PRINTIFY_PRIMARY	TEMPLATE_RESEARCH	V1 retained	Re-score
104	DG2-103	DG-108	Personalized Hoodies	Couple	PET_PORTRAIT	PP-005	PRINTIFY_PRIMARY	TEMPLATE_RESEARCH	V1 retained	Re-score
105	DG2-104	DG-111	Personalized Hoodies	Husband	PET_PORTRAIT	PP-005	PRINTIFY_PRIMARY	TEMPLATE_RESEARCH	V1 retained	Re-score
106	DG2-105	DG-112	Personalized Hoodies	Wife	PET_PORTRAIT	PP-005	PRINTIFY_PRIMARY	TEMPLATE_RESEARCH	V1 retained	Re-score
107	DG2-106	DG-113	Personalized Hoodies	Family	PET_PORTRAIT	PP-005	PRINTIFY_PRIMARY	TEMPLATE_RESEARCH	V1 retained	Re-score
108	DG2-107	DG-114	Personalized Hoodies	Dad	PET_PORTRAIT	PP-005	PRINTIFY_PRIMARY	TEMPLATE_RESEARCH	V1 retained	Re-score
109	DG2-108	DG-115	Personalized Hoodies	Mom	PET_PORTRAIT	PP-005	PRINTIFY_PRIMARY	TEMPLATE_RESEARCH	V1 retained	Re-score
110	DG2-109	DG-116	Personalized Hoodies	Grandparents	PET_PORTRAIT	PP-005	PRINTIFY_PRIMARY	TEMPLATE_RESEARCH	V1 retained	Re-score
111	DG2-110	DG-117	Personalized Hoodies	Wedding	PET_PORTRAIT	PP-005	PRINTIFY_PRIMARY	TEMPLATE_RESEARCH	V1 retained	Re-score
112	DG2-111	DG-118	Personalized Hoodies	Anniversary	PET_PORTRAIT	PP-005	PRINTIFY_PRIMARY	TEMPLATE_RESEARCH	V1 retained	Re-score
113	DG2-112	DG-119	Personalized Hoodies	Birthday	PET_PORTRAIT	PP-005	PRINTIFY_PRIMARY	TEMPLATE_RESEARCH	V1 retained	Re-score
114	DG2-113	DG-120	Personalized Hoodies	Graduation	PET_PORTRAIT	PP-005	PRINTIFY_PRIMARY	TEMPLATE_RESEARCH	V1 retained	Re-score
115	DG2-114	DG-121	Personalized Hoodies	Memorial	MEMORIAL	PP-005	PRINTIFY_PRIMARY	TEMPLATE_RESEARCH	V1 retained	Re-score
116	DG2-115	DG-122	Personalized Hoodies	Travel	PET_PORTRAIT	PP-005	PRINTIFY_PRIMARY	TEMPLATE_RESEARCH	V1 retained	Re-score
117	DG2-116	DG-123	Personalized Hoodies	Photo collage	PHOTO_COLLAGE	PP-005	PRINTIFY_PRIMARY	TEMPLATE_RESEARCH	V1 retained	Re-score
118	DG2-117	DG-124	Personalized Hoodies	Vintage portrait	PET_PORTRAIT	PP-005	PRINTIFY_PRIMARY	TEMPLATE_RESEARCH	V1 retained	Re-score
119	DG2-118	DG-125	Personalized Hoodies	Handwriting	HANDWRITING	PP-005	PRINTIFY_PRIMARY	TEMPLATE_RESEARCH	V1 retained	Re-score
120	DG2-119	DG-126	Photo & Pet Blankets	Single photo	PHOTO_COLLAGE	PP-006	PRINTIFY_PRIMARY	TEMPLATE_RESEARCH	V1 retained	Re-score
121	DG2-120	DG-127	Photo & Pet Blankets	4-photo collage	PHOTO_COLLAGE	PP-006	PRINTIFY_PRIMARY	TEMPLATE_RESEARCH	V1 retained	Re-score
122	DG2-121	DG-128	Photo & Pet Blankets	9-photo collage	PHOTO_COLLAGE	PP-006	PRINTIFY_PRIMARY	TEMPLATE_RESEARCH	V1 retained	Re-score
123	DG2-122	DG-129	Photo & Pet Blankets	Family	PHOTO_COLLAGE	PP-006	PRINTIFY_PRIMARY	TEMPLATE_RESEARCH	V1 retained	Re-score
124	DG2-123	DG-130	Photo & Pet Blankets	Couple	PHOTO_COLLAGE	PP-006	PRINTIFY_PRIMARY	TEMPLATE_RESEARCH	V1 retained	Re-score
125	DG2-124	DG-131	Photo & Pet Blankets	Wedding	PHOTO_COLLAGE	PP-006	PRINTIFY_PRIMARY	TEMPLATE_RESEARCH	V1 retained	Re-score
126	DG2-125	DG-132	Photo & Pet Blankets	Anniversary	PHOTO_COLLAGE	PP-006	PRINTIFY_PRIMARY	TEMPLATE_RESEARCH	V1 retained	Re-score
127	DG2-126	DG-133	Photo & Pet Blankets	Mom	PHOTO_COLLAGE	PP-006	PRINTIFY_PRIMARY	TEMPLATE_RESEARCH	V1 retained	Re-score
128	DG2-127	DG-134	Photo & Pet Blankets	Dad	PHOTO_COLLAGE	PP-006	PRINTIFY_PRIMARY	TEMPLATE_RESEARCH	V1 retained	Re-score
129	DG2-128	DG-135	Photo & Pet Blankets	Grandma	PHOTO_COLLAGE	PP-006	PRINTIFY_PRIMARY	TEMPLATE_RESEARCH	V1 retained	Re-score
130	DG2-129	DG-136	Photo & Pet Blankets	Grandpa	PHOTO_COLLAGE	PP-006	PRINTIFY_PRIMARY	TEMPLATE_RESEARCH	V1 retained	Re-score
131	DG2-130	DG-137	Photo & Pet Blankets	Baby	PHOTO_COLLAGE	PP-006	PRINTIFY_PRIMARY	TEMPLATE_RESEARCH	V1 retained	Re-score
132	DG2-131	DG-138	Photo & Pet Blankets	Kids	PHOTO_COLLAGE	PP-006	PRINTIFY_PRIMARY	TEMPLATE_RESEARCH	V1 retained	Re-score
133	DG2-132	DG-139	Photo & Pet Blankets	Graduation	PHOTO_COLLAGE	PP-006	PRINTIFY_PRIMARY	TEMPLATE_RESEARCH	V1 retained	Re-score
134	DG2-133	DG-140	Photo & Pet Blankets	Birthday	PHOTO_COLLAGE	PP-006	PRINTIFY_PRIMARY	TEMPLATE_RESEARCH	V1 retained	Re-score
135	DG2-134	DG-141	Photo & Pet Blankets	Best friend	PHOTO_COLLAGE	PP-006	PRINTIFY_PRIMARY	TEMPLATE_RESEARCH	V1 retained	Re-score
136	DG2-135	DG-142	Photo & Pet Blankets	Dog	PHOTO_COLLAGE	PP-006	PRINTIFY_PRIMARY	TEMPLATE_RESEARCH	V1 retained	Re-score
137	DG2-136	DG-143	Photo & Pet Blankets	Cat	PHOTO_COLLAGE	PP-006	PRINTIFY_PRIMARY	TEMPLATE_RESEARCH	V1 retained	Re-score
138	DG2-137	DG-144	Photo & Pet Blankets	Multi-pet	PHOTO_COLLAGE	PP-006	PRINTIFY_PRIMARY	TEMPLATE_RESEARCH	V1 retained	Re-score
139	DG2-138	DG-145	Photo & Pet Blankets	Pet memorial	MEMORIAL	PP-006	PRINTIFY_PRIMARY	TEMPLATE_RESEARCH	V1 retained	Re-score
140	DG2-139	DG-146	Photo & Pet Blankets	Human memorial	MEMORIAL	PP-006	PRINTIFY_PRIMARY	TEMPLATE_RESEARCH	V1 retained	Re-score
141	DG2-140	DG-147	Photo & Pet Blankets	Travel	PHOTO_COLLAGE	PP-006	PRINTIFY_PRIMARY	TEMPLATE_RESEARCH	V1 retained	Re-score
142	DG2-141	DG-148	Photo & Pet Blankets	Family-tree style	PHOTO_COLLAGE	PP-006	PRINTIFY_PRIMARY	TEMPLATE_RESEARCH	V1 retained	Re-score
143	DG2-142	DG-149	Photo & Pet Blankets	Photo + quote	PHOTO_COLLAGE	PP-006	PRINTIFY_PRIMARY	TEMPLATE_RESEARCH	V1 retained	Re-score
144	DG2-143	DG-150	Photo & Pet Blankets	Handwriting + photo	HANDWRITING	PP-006	PRINTIFY_PRIMARY	TEMPLATE_RESEARCH	V1 retained	Re-score
145	DG2-144	DG-151	Personalized Pillows	Dog	SINGLE_PHOTO	PP-007	PRINTIFY_PRIMARY	TEMPLATE_RESEARCH	V1 retained	Re-score
146	DG2-145	DG-152	Personalized Pillows	Cat	SINGLE_PHOTO	PP-007	PRINTIFY_PRIMARY	TEMPLATE_RESEARCH	V1 retained	Re-score
147	DG2-146	DG-153	Personalized Pillows	Pet memorial	MEMORIAL	PP-007	PRINTIFY_PRIMARY	TEMPLATE_RESEARCH	V1 retained	Re-score
148	DG2-147	DG-155	Personalized Pillows	Couple	SINGLE_PHOTO	PP-007	PRINTIFY_PRIMARY	TEMPLATE_RESEARCH	V1 retained	Re-score
149	DG2-148	DG-157	Personalized Pillows	Wedding	SINGLE_PHOTO	PP-007	PRINTIFY_PRIMARY	TEMPLATE_RESEARCH	V1 retained	Re-score
150	DG2-149	DG-158	Personalized Pillows	Anniversary	SINGLE_PHOTO	PP-007	PRINTIFY_PRIMARY	TEMPLATE_RESEARCH	V1 retained	Re-score
151	DG2-150	DG-161	Personalized Pillows	Grandparents	SINGLE_PHOTO	PP-007	PRINTIFY_PRIMARY	TEMPLATE_RESEARCH	V1 retained	Re-score
152	DG2-151	DG-162	Personalized Pillows	Child	SINGLE_PHOTO	PP-007	PRINTIFY_PRIMARY	TEMPLATE_RESEARCH	V1 retained	Re-score
153	DG2-152	DG-163	Personalized Pillows	Baby	SINGLE_PHOTO	PP-007	PRINTIFY_PRIMARY	TEMPLATE_RESEARCH	V1 retained	Re-score
154	DG2-153	DG-164	Personalized Pillows	Family	SINGLE_PHOTO	PP-007	PRINTIFY_PRIMARY	TEMPLATE_RESEARCH	V1 retained	Re-score
155	DG2-154	DG-165	Personalized Pillows	Best friend	SINGLE_PHOTO	PP-007	PRINTIFY_PRIMARY	TEMPLATE_RESEARCH	V1 retained	Re-score
156	DG2-155	DG-166	Personalized Pillows	Memorial	MEMORIAL	PP-007	PRINTIFY_PRIMARY	TEMPLATE_RESEARCH	V1 retained	Re-score
157	DG2-156	DG-170	Personalized Pillows	Multi-photo	PHOTO_COLLAGE	PP-007	PRINTIFY_PRIMARY	TEMPLATE_RESEARCH	V1 retained	Re-score
158	DG2-157	DG-171	Personalized Pillows	Handwriting	HANDWRITING	PP-007	PRINTIFY_PRIMARY	TEMPLATE_RESEARCH	V1 retained	Re-score
159	DG2-158	DG-172	Personalized Pillows	Child drawing	CHILD_ART	PP-007	PRINTIFY_PRIMARY	TEMPLATE_RESEARCH	V1 retained	Re-score
160	DG2-159	DG-173	Personalized Pillows	Line-art pet	LINE_ART	PP-007	PRINTIFY_PRIMARY	TEMPLATE_RESEARCH	V1 retained	Re-score
161	DG2-160	DG-174	Personalized Pillows	Watercolor pet	WATERCOLOR	PP-007	PRINTIFY_PRIMARY	TEMPLATE_RESEARCH	V1 retained	Re-score
162	DG2-161	DG-175	Personalized Pillows	Photo + name	SINGLE_PHOTO	PP-007	PRINTIFY_PRIMARY	TEMPLATE_RESEARCH	V1 retained	Re-score
163	DG2-162	DG-176	Personalized Phone Cases	Pet	PHOTO_COLLAGE	PP-008	PRINTIFY_PRIMARY	TEMPLATE_RESEARCH	V1 retained	Re-score
164	DG2-163	DG-177	Personalized Phone Cases	Pet + name	PHOTO_COLLAGE	PP-008	PRINTIFY_PRIMARY	TEMPLATE_RESEARCH	V1 retained	Re-score
165	DG2-164	DG-178	Personalized Phone Cases	Couple	PHOTO_COLLAGE	PP-008	PRINTIFY_PRIMARY	TEMPLATE_RESEARCH	V1 retained	Re-score
166	DG2-165	DG-179	Personalized Phone Cases	Wedding	PHOTO_COLLAGE	PP-008	PRINTIFY_PRIMARY	TEMPLATE_RESEARCH	V1 retained	Re-score
167	DG2-166	DG-180	Personalized Phone Cases	Family	PHOTO_COLLAGE	PP-008	PRINTIFY_PRIMARY	TEMPLATE_RESEARCH	V1 retained	Re-score
168	DG2-167	DG-181	Personalized Phone Cases	Baby	PHOTO_COLLAGE	PP-008	PRINTIFY_PRIMARY	TEMPLATE_RESEARCH	V1 retained	Re-score
169	DG2-168	DG-182	Personalized Phone Cases	Child	PHOTO_COLLAGE	PP-008	PRINTIFY_PRIMARY	TEMPLATE_RESEARCH	V1 retained	Re-score
170	DG2-169	DG-183	Personalized Phone Cases	Mom	PHOTO_COLLAGE	PP-008	PRINTIFY_PRIMARY	TEMPLATE_RESEARCH	V1 retained	Re-score
171	DG2-170	DG-184	Personalized Phone Cases	Dad	PHOTO_COLLAGE	PP-008	PRINTIFY_PRIMARY	TEMPLATE_RESEARCH	V1 retained	Re-score
172	DG2-171	DG-185	Personalized Phone Cases	Grandparents	PHOTO_COLLAGE	PP-008	PRINTIFY_PRIMARY	TEMPLATE_RESEARCH	V1 retained	Re-score
173	DG2-172	DG-186	Personalized Phone Cases	Best friend	PHOTO_COLLAGE	PP-008	PRINTIFY_PRIMARY	TEMPLATE_RESEARCH	V1 retained	Re-score
174	DG2-173	DG-187	Personalized Phone Cases	Memorial	MEMORIAL	PP-008	PRINTIFY_PRIMARY	TEMPLATE_RESEARCH	V1 retained	Re-score
175	DG2-174	DG-188	Personalized Phone Cases	Travel	PHOTO_COLLAGE	PP-008	PRINTIFY_PRIMARY	TEMPLATE_RESEARCH	V1 retained	Re-score
176	DG2-175	DG-189	Personalized Phone Cases	Collage	PHOTO_COLLAGE	PP-008	PRINTIFY_PRIMARY	TEMPLATE_RESEARCH	V1 retained	Re-score
177	DG2-176	DG-190	Personalized Phone Cases	Initials	NAME_MONOGRAM	PP-008	PRINTIFY_PRIMARY	TEMPLATE_RESEARCH	V1 retained	Re-score
178	DG2-177	DG-191	Personalized Phone Cases	Monogram	NAME_MONOGRAM	PP-008	PRINTIFY_PRIMARY	TEMPLATE_RESEARCH	V1 retained	Re-score
179	DG2-178	DG-192	Personalized Phone Cases	Name pattern	NAME_MONOGRAM	PP-008	PRINTIFY_PRIMARY	TEMPLATE_RESEARCH	V1 retained	Re-score
180	DG2-179	DG-193	Personalized Phone Cases	Handwriting	HANDWRITING	PP-008	PRINTIFY_PRIMARY	TEMPLATE_RESEARCH	V1 retained	Re-score
181	DG2-180	DG-194	Personalized Phone Cases	Child drawing	CHILD_ART	PP-008	PRINTIFY_PRIMARY	TEMPLATE_RESEARCH	V1 retained	Re-score
182	DG2-181	DG-195	Personalized Phone Cases	Birth flower + name	PHOTO_COLLAGE	PP-008	PRINTIFY_PRIMARY	TEMPLATE_RESEARCH	V1 retained	Re-score
183	DG2-182	DG-196	Personalized Phone Cases	Photo strip	PHOTO_COLLAGE	PP-008	PRINTIFY_PRIMARY	TEMPLATE_RESEARCH	V1 retained	Re-score
184	DG2-183	DG-197	Personalized Phone Cases	Retro collage	PHOTO_COLLAGE	PP-008	PRINTIFY_PRIMARY	TEMPLATE_RESEARCH	V1 retained	Re-score
185	DG2-184	DG-198	Personalized Phone Cases	Watercolor pet	WATERCOLOR	PP-008	PRINTIFY_PRIMARY	TEMPLATE_RESEARCH	V1 retained	Re-score
186	DG2-185	DG-199	Personalized Phone Cases	Line-art portrait	LINE_ART	PP-008	PRINTIFY_PRIMARY	TEMPLATE_RESEARCH	V1 retained	Re-score
187	DG2-186	DG-200	Personalized Phone Cases	Custom photo	PHOTO_COLLAGE	PP-008	PRINTIFY_PRIMARY	TEMPLATE_RESEARCH	V1 retained	Re-score
188	DG2-187	DG-201	Personalized Tote Bags	Pet portrait	PET_PORTRAIT	PP-009	PRINTIFY_PRIMARY	TEMPLATE_RESEARCH	V1 retained	Re-score
189	DG2-188	DG-205	Personalized Tote Bags	Pet name	PET_PORTRAIT	PP-009	PRINTIFY_PRIMARY	TEMPLATE_RESEARCH	V1 retained	Re-score
190	DG2-189	DG-206	Personalized Tote Bags	Multi-pet	PET_PORTRAIT	PP-009	PRINTIFY_PRIMARY	TEMPLATE_RESEARCH	V1 retained	Re-score
191	DG2-190	DG-207	Personalized Tote Bags	Pet memorial	MEMORIAL	PP-009	PRINTIFY_PRIMARY	TEMPLATE_RESEARCH	V1 retained	Re-score
192	DG2-191	DG-208	Personalized Tote Bags	Human photo	PET_PORTRAIT	PP-009	PRINTIFY_PRIMARY	TEMPLATE_RESEARCH	V1 retained	Re-score
193	DG2-192	DG-209	Personalized Tote Bags	Family	PET_PORTRAIT	PP-009	PRINTIFY_PRIMARY	TEMPLATE_RESEARCH	V1 retained	Re-score
194	DG2-193	DG-212	Personalized Tote Bags	Teacher	PET_PORTRAIT	PP-009	PRINTIFY_PRIMARY	TEMPLATE_RESEARCH	V1 retained	Re-score
195	DG2-194	DG-213	Personalized Tote Bags	Bridesmaid	PET_PORTRAIT	PP-009	PRINTIFY_PRIMARY	TEMPLATE_RESEARCH	V1 retained	Re-score
196	DG2-195	DG-214	Personalized Tote Bags	Bride	PET_PORTRAIT	PP-009	PRINTIFY_PRIMARY	TEMPLATE_RESEARCH	V1 retained	Re-score
197	DG2-196	DG-215	Personalized Tote Bags	Wedding	PET_PORTRAIT	PP-009	PRINTIFY_PRIMARY	TEMPLATE_RESEARCH	V1 retained	Re-score
198	DG2-197	DG-216	Personalized Tote Bags	Best friend	PET_PORTRAIT	PP-009	PRINTIFY_PRIMARY	TEMPLATE_RESEARCH	V1 retained	Re-score
199	DG2-198	DG-218	Personalized Tote Bags	Child artwork	CHILD_ART	PP-009	PRINTIFY_PRIMARY	TEMPLATE_RESEARCH	V1 retained	Re-score
200	DG2-199	DG-219	Personalized Tote Bags	Handwriting	HANDWRITING	PP-009	PRINTIFY_PRIMARY	TEMPLATE_RESEARCH	V1 retained	Re-score
201	DG2-200	DG-220	Personalized Tote Bags	Book-lover name	PET_PORTRAIT	PP-009	PRINTIFY_PRIMARY	TEMPLATE_RESEARCH	V1 retained	Re-score
202	DG2-201	DG-221	Personalized Tote Bags	Travel	PET_PORTRAIT	PP-009	PRINTIFY_PRIMARY	TEMPLATE_RESEARCH	V1 retained	Re-score
203	DG2-202	DG-223	Personalized Tote Bags	Photo collage	PHOTO_COLLAGE	PP-009	PRINTIFY_PRIMARY	TEMPLATE_RESEARCH	V1 retained	Re-score
204	DG2-203	DG-224	Personalized Tote Bags	Line-art pet	LINE_ART	PP-009	PRINTIFY_PRIMARY	TEMPLATE_RESEARCH	V1 retained	Re-score
205	DG2-204	DG-225	Personalized Tote Bags	Photo + text	PET_PORTRAIT	PP-009	PRINTIFY_PRIMARY	TEMPLATE_RESEARCH	V1 retained	Re-score
206	DG2-205	DG-226	Personalized Ornaments	Pet	PHOTO_TEXT	PP-010	PRINTIFY_PRIMARY	TEMPLATE_RESEARCH	V1 retained	Re-score
207	DG2-206	DG-227	Personalized Ornaments	Pet memorial	MEMORIAL	PP-010	PRINTIFY_PRIMARY	TEMPLATE_RESEARCH	V1 retained	Re-score
208	DG2-207	DG-228	Personalized Ornaments	Family	PHOTO_TEXT	PP-010	PRINTIFY_PRIMARY	TEMPLATE_RESEARCH	V1 retained	Re-score
209	DG2-208	DG-229	Personalized Ornaments	Couple	PHOTO_TEXT	PP-010	PRINTIFY_PRIMARY	TEMPLATE_RESEARCH	V1 retained	Re-score
210	DG2-209	DG-230	Personalized Ornaments	First Christmas married	PHOTO_TEXT	PP-010	PRINTIFY_PRIMARY	TEMPLATE_RESEARCH	V1 retained	Re-score
211	DG2-210	DG-231	Personalized Ornaments	Engagement	PHOTO_TEXT	PP-010	PRINTIFY_PRIMARY	TEMPLATE_RESEARCH	V1 retained	Re-score
212	DG2-211	DG-232	Personalized Ornaments	Wedding	PHOTO_TEXT	PP-010	PRINTIFY_PRIMARY	TEMPLATE_RESEARCH	V1 retained	Re-score
213	DG2-212	DG-233	Personalized Ornaments	New home	PHOTO_TEXT	PP-010	PRINTIFY_PRIMARY	TEMPLATE_RESEARCH	V1 retained	Re-score
214	DG2-213	DG-234	Personalized Ornaments	New baby	PHOTO_TEXT	PP-010	PRINTIFY_PRIMARY	TEMPLATE_RESEARCH	V1 retained	Re-score
215	DG2-214	DG-235	Personalized Ornaments	Baby first Christmas	PHOTO_TEXT	PP-010	PRINTIFY_PRIMARY	TEMPLATE_RESEARCH	V1 retained	Re-score
216	DG2-215	DG-236	Personalized Ornaments	Pregnancy announcement	PHOTO_TEXT	PP-010	PRINTIFY_PRIMARY	TEMPLATE_RESEARCH	V1 retained	Re-score
217	DG2-216	DG-237	Personalized Ornaments	Mom	PHOTO_TEXT	PP-010	PRINTIFY_PRIMARY	TEMPLATE_RESEARCH	V1 retained	Re-score
218	DG2-217	DG-238	Personalized Ornaments	Dad	PHOTO_TEXT	PP-010	PRINTIFY_PRIMARY	TEMPLATE_RESEARCH	V1 retained	Re-score
219	DG2-218	DG-239	Personalized Ornaments	Grandparents	PHOTO_TEXT	PP-010	PRINTIFY_PRIMARY	TEMPLATE_RESEARCH	V1 retained	Re-score
220	DG2-219	DG-240	Personalized Ornaments	Memorial	MEMORIAL	PP-010	PRINTIFY_PRIMARY	TEMPLATE_RESEARCH	V1 retained	Re-score
221	DG2-220	DG-241	Personalized Ornaments	Graduation	PHOTO_TEXT	PP-010	PRINTIFY_PRIMARY	TEMPLATE_RESEARCH	V1 retained	Re-score
222	DG2-221	DG-242	Personalized Ornaments	Travel	PHOTO_TEXT	PP-010	PRINTIFY_PRIMARY	TEMPLATE_RESEARCH	V1 retained	Re-score
223	DG2-222	DG-243	Personalized Ornaments	First home	PHOTO_TEXT	PP-010	PRINTIFY_PRIMARY	TEMPLATE_RESEARCH	V1 retained	Re-score
224	DG2-223	DG-244	Personalized Ornaments	Family reunion	PHOTO_TEXT	PP-010	PRINTIFY_PRIMARY	TEMPLATE_RESEARCH	V1 retained	Re-score
225	DG2-224	DG-245	Personalized Ornaments	Friendship	PHOTO_TEXT	PP-010	PRINTIFY_PRIMARY	TEMPLATE_RESEARCH	V1 retained	Re-score
226	DG2-225	DG-246	Personalized Ornaments	Child artwork	CHILD_ART	PP-010	PRINTIFY_PRIMARY	TEMPLATE_RESEARCH	V1 retained	Re-score
227	DG2-226	DG-247	Personalized Ornaments	Handwriting	HANDWRITING	PP-010	PRINTIFY_PRIMARY	TEMPLATE_RESEARCH	V1 retained	Re-score
228	DG2-227	DG-248	Personalized Ornaments	Annual family photo	PHOTO_TEXT	PP-010	PRINTIFY_PRIMARY	TEMPLATE_RESEARCH	V1 retained	Re-score
229	DG2-228	DG-249	Personalized Ornaments	Anniversary	PHOTO_TEXT	PP-010	PRINTIFY_PRIMARY	TEMPLATE_RESEARCH	V1 retained	Re-score
230	DG2-229	DG-250	Personalized Ornaments	Photo/date	PHOTO_TEXT	PP-010	PRINTIFY_PRIMARY	TEMPLATE_RESEARCH	V1 retained	Re-score
231	DG2-230	DG-251	Personalized Posters	Pet portrait	WATERCOLOR	PP-011	PRINTIFY_PRIMARY	TEMPLATE_RESEARCH	V1 retained	Re-score
232	DG2-231	DG-252	Personalized Posters	Watercolor pet	WATERCOLOR	PP-011	PRINTIFY_PRIMARY	TEMPLATE_RESEARCH	V1 retained	Re-score
233	DG2-232	DG-253	Personalized Posters	Line-art pet	LINE_ART	PP-011	PRINTIFY_PRIMARY	TEMPLATE_RESEARCH	V1 retained	Re-score
234	DG2-233	DG-254	Personalized Posters	Family portrait	WATERCOLOR	PP-011	PRINTIFY_PRIMARY	TEMPLATE_RESEARCH	V1 retained	Re-score
235	DG2-234	DG-255	Personalized Posters	Couple	WATERCOLOR	PP-011	PRINTIFY_PRIMARY	TEMPLATE_RESEARCH	V1 retained	Re-score
236	DG2-235	DG-256	Personalized Posters	Wedding	WATERCOLOR	PP-011	PRINTIFY_PRIMARY	TEMPLATE_RESEARCH	V1 retained	Re-score
237	DG2-236	DG-257	Personalized Posters	Anniversary	WATERCOLOR	PP-011	PRINTIFY_PRIMARY	TEMPLATE_RESEARCH	V1 retained	Re-score
238	DG2-237	DG-258	Personalized Posters	Memorial	MEMORIAL	PP-011	PRINTIFY_PRIMARY	TEMPLATE_RESEARCH	V1 retained	Re-score
239	DG2-238	DG-259	Personalized Posters	Baby birth stats	WATERCOLOR	PP-011	PRINTIFY_PRIMARY	TEMPLATE_RESEARCH	V1 retained	Re-score
240	DG2-239	DG-260	Personalized Posters	Family tree	WATERCOLOR	PP-011	PRINTIFY_PRIMARY	TEMPLATE_RESEARCH	V1 retained	Re-score
241	DG2-240	DG-261	Personalized Posters	Grandparents	WATERCOLOR	PP-011	PRINTIFY_PRIMARY	TEMPLATE_RESEARCH	V1 retained	Re-score
242	DG2-241	DG-262	Personalized Posters	Mom	WATERCOLOR	PP-011	PRINTIFY_PRIMARY	TEMPLATE_RESEARCH	V1 retained	Re-score
243	DG2-242	DG-263	Personalized Posters	Dad	WATERCOLOR	PP-011	PRINTIFY_PRIMARY	TEMPLATE_RESEARCH	V1 retained	Re-score
244	DG2-243	DG-264	Personalized Posters	House portrait	WATERCOLOR	PP-011	PRINTIFY_PRIMARY	TEMPLATE_RESEARCH	V1 retained	Re-score
245	DG2-244	DG-265	Personalized Posters	Travel photo	WATERCOLOR	PP-011	PRINTIFY_PRIMARY	TEMPLATE_RESEARCH	V1 retained	Re-score
246	DG2-245	DG-266	Personalized Posters	Graduation	WATERCOLOR	PP-011	PRINTIFY_PRIMARY	TEMPLATE_RESEARCH	V1 retained	Re-score
247	DG2-246	DG-269	Personalized Posters	Quote + photo	WATERCOLOR	PP-011	PRINTIFY_PRIMARY	TEMPLATE_RESEARCH	V1 retained	Re-score
248	DG2-247	DG-270	Personalized Posters	Handwriting	HANDWRITING	PP-011	PRINTIFY_PRIMARY	TEMPLATE_RESEARCH	V1 retained	Re-score
249	DG2-248	DG-271	Personalized Posters	Child artwork	CHILD_ART	PP-011	PRINTIFY_PRIMARY	TEMPLATE_RESEARCH	V1 retained	Re-score
250	DG2-249	DG-272	Personalized Posters	Photo collage	PHOTO_COLLAGE	PP-011	PRINTIFY_PRIMARY	TEMPLATE_RESEARCH	V1 retained	Re-score
251	DG2-250	DG-273	Personalized Posters	Anniversary story	WATERCOLOR	PP-011	PRINTIFY_PRIMARY	TEMPLATE_RESEARCH	V1 retained	Re-score
252	DG2-251	DG-274	Personalized Posters	Minimalist portrait	WATERCOLOR	PP-011	PRINTIFY_PRIMARY	TEMPLATE_RESEARCH	V1 retained	Re-score
253	DG2-252	DG-275	Personalized Posters	Multi-generation	WATERCOLOR	PP-011	PRINTIFY_PRIMARY	TEMPLATE_RESEARCH	V1 retained	Re-score
254	DG2-253	DG-276	Personalized Canvas	Wedding	WATERCOLOR	PP-012	PRINTIFY_PRIMARY	TEMPLATE_RESEARCH	V1 retained	Re-score
255	DG2-254	DG-277	Personalized Canvas	Anniversary	WATERCOLOR	PP-012	PRINTIFY_PRIMARY	TEMPLATE_RESEARCH	V1 retained	Re-score
256	DG2-255	DG-278	Personalized Canvas	Family	WATERCOLOR	PP-012	PRINTIFY_PRIMARY	TEMPLATE_RESEARCH	V1 retained	Re-score
257	DG2-256	DG-279	Personalized Canvas	Grandparents	WATERCOLOR	PP-012	PRINTIFY_PRIMARY	TEMPLATE_RESEARCH	V1 retained	Re-score
258	DG2-257	DG-280	Personalized Canvas	Baby	WATERCOLOR	PP-012	PRINTIFY_PRIMARY	TEMPLATE_RESEARCH	V1 retained	Re-score
259	DG2-258	DG-281	Personalized Canvas	Pet	WATERCOLOR	PP-012	PRINTIFY_PRIMARY	TEMPLATE_RESEARCH	V1 retained	Re-score
260	DG2-259	DG-282	Personalized Canvas	Pet memorial	MEMORIAL	PP-012	PRINTIFY_PRIMARY	TEMPLATE_RESEARCH	V1 retained	Re-score
261	DG2-260	DG-283	Personalized Canvas	Human memorial	MEMORIAL	PP-012	PRINTIFY_PRIMARY	TEMPLATE_RESEARCH	V1 retained	Re-score
262	DG2-261	DG-284	Personalized Canvas	Home portrait	WATERCOLOR	PP-012	PRINTIFY_PRIMARY	TEMPLATE_RESEARCH	V1 retained	Re-score
263	DG2-262	DG-285	Personalized Canvas	Couple	WATERCOLOR	PP-012	PRINTIFY_PRIMARY	TEMPLATE_RESEARCH	V1 retained	Re-score
264	DG2-263	DG-286	Personalized Canvas	Travel	WATERCOLOR	PP-012	PRINTIFY_PRIMARY	TEMPLATE_RESEARCH	V1 retained	Re-score
265	DG2-264	DG-288	Personalized Canvas	Retirement	WATERCOLOR	PP-012	PRINTIFY_PRIMARY	TEMPLATE_RESEARCH	V1 retained	Re-score
266	DG2-265	DG-289	Personalized Canvas	Parents	WATERCOLOR	PP-012	PRINTIFY_PRIMARY	TEMPLATE_RESEARCH	V1 retained	Re-score
267	DG2-266	DG-290	Personalized Canvas	Mom	WATERCOLOR	PP-012	PRINTIFY_PRIMARY	TEMPLATE_RESEARCH	V1 retained	Re-score
268	DG2-267	DG-291	Personalized Canvas	Dad	WATERCOLOR	PP-012	PRINTIFY_PRIMARY	TEMPLATE_RESEARCH	V1 retained	Re-score
269	DG2-268	DG-293	Personalized Canvas	Multi-generation	WATERCOLOR	PP-012	PRINTIFY_PRIMARY	TEMPLATE_RESEARCH	V1 retained	Re-score
270	DG2-269	DG-294	Personalized Canvas	Collage	PHOTO_COLLAGE	PP-012	PRINTIFY_PRIMARY	TEMPLATE_RESEARCH	V1 retained	Re-score
271	DG2-270	DG-295	Personalized Canvas	Watercolor portrait	WATERCOLOR	PP-012	PRINTIFY_PRIMARY	TEMPLATE_RESEARCH	V1 retained	Re-score
272	DG2-271	DG-296	Personalized Canvas	Line art	LINE_ART	PP-012	PRINTIFY_PRIMARY	TEMPLATE_RESEARCH	V1 retained	Re-score
273	DG2-272	DG-297	Personalized Canvas	Vintage portrait	WATERCOLOR	PP-012	PRINTIFY_PRIMARY	TEMPLATE_RESEARCH	V1 retained	Re-score
274	DG2-273	DG-298	Personalized Canvas	Handwriting	HANDWRITING	PP-012	PRINTIFY_PRIMARY	TEMPLATE_RESEARCH	V1 retained	Re-score
275	DG2-274	DG-299	Personalized Canvas	Child drawing	CHILD_ART	PP-012	PRINTIFY_PRIMARY	TEMPLATE_RESEARCH	V1 retained	Re-score
276	DG2-275	DG-300	Personalized Canvas	Family-name/photo	WATERCOLOR	PP-012	PRINTIFY_PRIMARY	TEMPLATE_RESEARCH	V1 retained	Re-score
277	DG2-276	DG-301	Personalized Journals	Name	NAME_MONOGRAM	PP-013	PRINTIFY_PRIMARY	TEMPLATE_RESEARCH	V1 retained	Re-score
278	DG2-277	DG-302	Personalized Journals	Initials	NAME_MONOGRAM	PP-013	PRINTIFY_PRIMARY	TEMPLATE_RESEARCH	V1 retained	Re-score
279	DG2-278	DG-303	Personalized Journals	Monogram	NAME_MONOGRAM	PP-013	PRINTIFY_PRIMARY	TEMPLATE_RESEARCH	V1 retained	Re-score
280	DG2-279	DG-304	Personalized Journals	Pet	NAME_MONOGRAM	PP-013	PRINTIFY_PRIMARY	TEMPLATE_RESEARCH	V1 retained	Re-score
281	DG2-280	DG-305	Personalized Journals	Pet + name	NAME_MONOGRAM	PP-013	PRINTIFY_PRIMARY	TEMPLATE_RESEARCH	V1 retained	Re-score
282	DG2-281	DG-306	Personalized Journals	Family photo	NAME_MONOGRAM	PP-013	PRINTIFY_PRIMARY	TEMPLATE_RESEARCH	V1 retained	Re-score
283	DG2-282	DG-307	Personalized Journals	Couple	NAME_MONOGRAM	PP-013	PRINTIFY_PRIMARY	TEMPLATE_RESEARCH	V1 retained	Re-score
284	DG2-283	DG-308	Personalized Journals	Wedding keepsake	NAME_MONOGRAM	PP-013	PRINTIFY_PRIMARY	TEMPLATE_RESEARCH	V1 retained	Re-score
285	DG2-284	DG-309	Personalized Journals	Bride	NAME_MONOGRAM	PP-013	PRINTIFY_PRIMARY	TEMPLATE_RESEARCH	V1 retained	Re-score
286	DG2-285	DG-310	Personalized Journals	Bridesmaid	NAME_MONOGRAM	PP-013	PRINTIFY_PRIMARY	TEMPLATE_RESEARCH	V1 retained	Re-score
287	DG2-286	DG-311	Personalized Journals	Mom	NAME_MONOGRAM	PP-013	PRINTIFY_PRIMARY	TEMPLATE_RESEARCH	V1 retained	Re-score
288	DG2-287	DG-312	Personalized Journals	Grandma	NAME_MONOGRAM	PP-013	PRINTIFY_PRIMARY	TEMPLATE_RESEARCH	V1 retained	Re-score
289	DG2-288	DG-313	Personalized Journals	Dad	NAME_MONOGRAM	PP-013	PRINTIFY_PRIMARY	TEMPLATE_RESEARCH	V1 retained	Re-score
290	DG2-289	DG-314	Personalized Journals	Teacher	NAME_MONOGRAM	PP-013	PRINTIFY_PRIMARY	TEMPLATE_RESEARCH	V1 retained	Re-score
291	DG2-290	DG-315	Personalized Journals	Student	NAME_MONOGRAM	PP-013	PRINTIFY_PRIMARY	TEMPLATE_RESEARCH	V1 retained	Re-score
292	DG2-291	DG-316	Personalized Journals	Graduation	NAME_MONOGRAM	PP-013	PRINTIFY_PRIMARY	TEMPLATE_RESEARCH	V1 retained	Re-score
293	DG2-292	DG-317	Personalized Journals	Baby journal	NAME_MONOGRAM	PP-013	PRINTIFY_PRIMARY	TEMPLATE_RESEARCH	V1 retained	Re-score
294	DG2-293	DG-318	Personalized Journals	Travel	NAME_MONOGRAM	PP-013	PRINTIFY_PRIMARY	TEMPLATE_RESEARCH	V1 retained	Re-score
295	DG2-294	DG-319	Personalized Journals	Memorial	MEMORIAL	PP-013	PRINTIFY_PRIMARY	TEMPLATE_RESEARCH	V1 retained	Re-score
296	DG2-295	DG-320	Personalized Journals	Recipe memories	HANDWRITING	PP-013	PRINTIFY_PRIMARY	TEMPLATE_RESEARCH	V1 retained	Re-score
297	DG2-296	DG-321	Personalized Journals	Handwriting	HANDWRITING	PP-013	PRINTIFY_PRIMARY	TEMPLATE_RESEARCH	V1 retained	Re-score
298	DG2-297	DG-322	Personalized Journals	Child art	CHILD_ART	PP-013	PRINTIFY_PRIMARY	TEMPLATE_RESEARCH	V1 retained	Re-score
299	DG2-298	DG-323	Personalized Journals	Birth flower/name	NAME_MONOGRAM	PP-013	PRINTIFY_PRIMARY	TEMPLATE_RESEARCH	V1 retained	Re-score
300	DG2-299	DG-324	Personalized Journals	Photo collage	PHOTO_COLLAGE	PP-013	PRINTIFY_PRIMARY	TEMPLATE_RESEARCH	V1 retained	Re-score
301	DG2-300	DG-325	Personalized Journals	Affirmation journal	NAME_MONOGRAM	PP-013	PRINTIFY_PRIMARY	TEMPLATE_RESEARCH	V1 retained	Re-score
302	DG2-301	DG-326	Personalized Candles	Couple	PHOTO_TEXT	PP-014	PRINTIFY_PRIMARY	TEMPLATE_RESEARCH	V1 retained	Re-score
303	DG2-302	DG-327	Personalized Candles	Anniversary	PHOTO_TEXT	PP-014	PRINTIFY_PRIMARY	TEMPLATE_RESEARCH	V1 retained	Re-score
304	DG2-303	DG-328	Personalized Candles	Engagement	PHOTO_TEXT	PP-014	PRINTIFY_PRIMARY	TEMPLATE_RESEARCH	V1 retained	Re-score
305	DG2-304	DG-329	Personalized Candles	Wedding	PHOTO_TEXT	PP-014	PRINTIFY_PRIMARY	TEMPLATE_RESEARCH	V1 retained	Re-score
306	DG2-305	DG-330	Personalized Candles	Bridesmaid	PHOTO_TEXT	PP-014	PRINTIFY_PRIMARY	TEMPLATE_RESEARCH	V1 retained	Re-score
307	DG2-306	DG-332	Personalized Candles	Best friend	PHOTO_TEXT	PP-014	PRINTIFY_PRIMARY	TEMPLATE_RESEARCH	V1 retained	Re-score
308	DG2-307	DG-333	Personalized Candles	Mom	PHOTO_TEXT	PP-014	PRINTIFY_PRIMARY	TEMPLATE_RESEARCH	V1 retained	Re-score
309	DG2-308	DG-342	Personalized Candles	Pet memorial	MEMORIAL	PP-014	PRINTIFY_PRIMARY	TEMPLATE_RESEARCH	V1 retained	Re-score
310	DG2-309	DG-343	Personalized Candles	Human memorial	MEMORIAL	PP-014	PRINTIFY_PRIMARY	TEMPLATE_RESEARCH	V1 retained	Re-score
311	DG2-310	DG-347	Personalized Candles	New home	PHOTO_TEXT	PP-014	PRINTIFY_PRIMARY	TEMPLATE_RESEARCH	V1 retained	Re-score
312	DG2-311	DG-351	Personalized Drinkware	Pet photo tumbler	PHOTO_TEXT	PP-015	PRINTIFY_PRIMARY	TEMPLATE_RESEARCH	V1 retained	Re-score
313	DG2-312	DG-352	Personalized Drinkware	Pet + name	PHOTO_TEXT	PP-015	PRINTIFY_PRIMARY	TEMPLATE_RESEARCH	V1 retained	Re-score
314	DG2-313	DG-353	Personalized Drinkware	Dog mom	PHOTO_TEXT	PP-015	PRINTIFY_PRIMARY	TEMPLATE_RESEARCH	V1 retained	Re-score
315	DG2-314	DG-354	Personalized Drinkware	Dog dad	PHOTO_TEXT	PP-015	PRINTIFY_PRIMARY	TEMPLATE_RESEARCH	V1 retained	Re-score
316	DG2-315	DG-355	Personalized Drinkware	Cat mom	PHOTO_TEXT	PP-015	PRINTIFY_PRIMARY	TEMPLATE_RESEARCH	V1 retained	Re-score
317	DG2-316	DG-356	Personalized Drinkware	Cat dad	PHOTO_TEXT	PP-015	PRINTIFY_PRIMARY	TEMPLATE_RESEARCH	V1 retained	Re-score
318	DG2-317	DG-357	Personalized Drinkware	Couple	PHOTO_TEXT	PP-015	PRINTIFY_PRIMARY	TEMPLATE_RESEARCH	V1 retained	Re-score
319	DG2-318	DG-358	Personalized Drinkware	Bride	PHOTO_TEXT	PP-015	PRINTIFY_PRIMARY	TEMPLATE_RESEARCH	V1 retained	Re-score
320	DG2-319	DG-359	Personalized Drinkware	Bridesmaid	PHOTO_TEXT	PP-015	PRINTIFY_PRIMARY	TEMPLATE_RESEARCH	V1 retained	Re-score
321	DG2-320	DG-360	Personalized Drinkware	Mom	PHOTO_TEXT	PP-015	PRINTIFY_PRIMARY	TEMPLATE_RESEARCH	V1 retained	Re-score
322	DG2-321	DG-361	Personalized Drinkware	Dad	PHOTO_TEXT	PP-015	PRINTIFY_PRIMARY	TEMPLATE_RESEARCH	V1 retained	Re-score
323	DG2-322	DG-362	Personalized Drinkware	Grandma	PHOTO_TEXT	PP-015	PRINTIFY_PRIMARY	TEMPLATE_RESEARCH	V1 retained	Re-score
324	DG2-323	DG-363	Personalized Drinkware	Grandpa	PHOTO_TEXT	PP-015	PRINTIFY_PRIMARY	TEMPLATE_RESEARCH	V1 retained	Re-score
325	DG2-324	DG-364	Personalized Drinkware	Teacher	PHOTO_TEXT	PP-015	PRINTIFY_PRIMARY	TEMPLATE_RESEARCH	V1 retained	Re-score
326	DG2-325	DG-365	Personalized Drinkware	Nurse	PHOTO_TEXT	PP-015	PRINTIFY_PRIMARY	TEMPLATE_RESEARCH	V1 retained	Re-score
327	DG2-326	DG-366	Personalized Drinkware	Coworker	PHOTO_TEXT	PP-015	PRINTIFY_PRIMARY	TEMPLATE_RESEARCH	V1 retained	Re-score
328	DG2-327	DG-367	Personalized Drinkware	Graduation	PHOTO_TEXT	PP-015	PRINTIFY_PRIMARY	TEMPLATE_RESEARCH	V1 retained	Re-score
329	DG2-328	DG-368	Personalized Drinkware	Sports-photo keepsake	PHOTO_TEXT	PP-015	PRINTIFY_PRIMARY	TEMPLATE_RESEARCH	V1 retained	Re-score
330	DG2-329	DG-369	Personalized Drinkware	Travel	PHOTO_TEXT	PP-015	PRINTIFY_PRIMARY	TEMPLATE_RESEARCH	V1 retained	Re-score
331	DG2-330	DG-370	Personalized Drinkware	Family collage	PHOTO_COLLAGE	PP-015	PRINTIFY_PRIMARY	TEMPLATE_RESEARCH	V1 retained	Re-score
332	DG2-331	DG-371	Personalized Drinkware	Handwriting	HANDWRITING	PP-015	PRINTIFY_PRIMARY	TEMPLATE_RESEARCH	V1 retained	Re-score
333	DG2-332	DG-372	Personalized Drinkware	Child artwork	CHILD_ART	PP-015	PRINTIFY_PRIMARY	TEMPLATE_RESEARCH	V1 retained	Re-score
334	DG2-333	DG-373	Personalized Drinkware	Monogram	NAME_MONOGRAM	PP-015	PRINTIFY_PRIMARY	TEMPLATE_RESEARCH	V1 retained	Re-score
335	DG2-334	DG-374	Personalized Drinkware	Name pattern	NAME_MONOGRAM	PP-015	PRINTIFY_PRIMARY	TEMPLATE_RESEARCH	V1 retained	Re-score
336	DG2-335	DG-375	Personalized Drinkware	Memorial	MEMORIAL	PP-015	PRINTIFY_PRIMARY	TEMPLATE_RESEARCH	V1 retained	Re-score
337	DG2-336	DG-376	Baby & Kids	Name bodysuit	PHOTO_TEXT	PP-016	PRINTIFY_PRIMARY	TEMPLATE_RESEARCH	V1 retained	Re-score
338	DG2-337	DG-377	Baby & Kids	Birth stats	PHOTO_TEXT	PP-016	PRINTIFY_PRIMARY	TEMPLATE_RESEARCH	V1 retained	Re-score
339	DG2-338	DG-378	Baby & Kids	Baby photo	PHOTO_TEXT	PP-016	PRINTIFY_PRIMARY	TEMPLATE_RESEARCH	V1 retained	Re-score
340	DG2-339	DG-379	Baby & Kids	First birthday	PHOTO_TEXT	PP-016	PRINTIFY_PRIMARY	TEMPLATE_RESEARCH	V1 retained	Re-score
341	DG2-340	DG-380	Baby & Kids	First Christmas	PHOTO_TEXT	PP-016	PRINTIFY_PRIMARY	TEMPLATE_RESEARCH	V1 retained	Re-score
342	DG2-341	DG-381	Baby & Kids	First Mother Day	PHOTO_TEXT	PP-016	PRINTIFY_PRIMARY	TEMPLATE_RESEARCH	V1 retained	Re-score
343	DG2-342	DG-382	Baby & Kids	First Father Day	PHOTO_TEXT	PP-016	PRINTIFY_PRIMARY	TEMPLATE_RESEARCH	V1 retained	Re-score
344	DG2-343	DG-383	Baby & Kids	Grandparent announcement	PHOTO_TEXT	PP-016	PRINTIFY_PRIMARY	TEMPLATE_RESEARCH	V1 retained	Re-score
345	DG2-344	DG-384	Baby & Kids	Pregnancy announcement	PHOTO_TEXT	PP-016	PRINTIFY_PRIMARY	TEMPLATE_RESEARCH	V1 retained	Re-score
346	DG2-345	DG-385	Baby & Kids	Sibling announcement	PHOTO_TEXT	PP-016	PRINTIFY_PRIMARY	TEMPLATE_RESEARCH	V1 retained	Re-score
347	DG2-346	DG-386	Baby & Kids	Family photo	PHOTO_TEXT	PP-016	PRINTIFY_PRIMARY	TEMPLATE_RESEARCH	V1 retained	Re-score
348	DG2-347	DG-387	Baby & Kids	Child drawing	CHILD_ART	PP-016	PRINTIFY_PRIMARY	TEMPLATE_RESEARCH	V1 retained	Re-score
349	DG2-348	DG-388	Baby & Kids	Handwriting	HANDWRITING	PP-016	PRINTIFY_PRIMARY	TEMPLATE_RESEARCH	V1 retained	Re-score
350	DG2-349	DG-389	Baby & Kids	Toddler photo tee	PHOTO_TEXT	PP-016	PRINTIFY_PRIMARY	TEMPLATE_RESEARCH	V1 retained	Re-score
351	DG2-350	DG-390	Baby & Kids	Birthday kid	PHOTO_TEXT	PP-016	PRINTIFY_PRIMARY	TEMPLATE_RESEARCH	V1 retained	Re-score
352	DG2-351	DG-391	Baby & Kids	School photo	PHOTO_TEXT	PP-016	PRINTIFY_PRIMARY	TEMPLATE_RESEARCH	V1 retained	Re-score
353	DG2-352	DG-392	Baby & Kids	Graduation/year	PHOTO_TEXT	PP-016	PRINTIFY_PRIMARY	TEMPLATE_RESEARCH	V1 retained	Re-score
354	DG2-353	DG-393	Baby & Kids	Pet + child	PHOTO_TEXT	PP-016	PRINTIFY_PRIMARY	TEMPLATE_RESEARCH	V1 retained	Re-score
355	DG2-354	DG-394	Baby & Kids	Name pattern	NAME_MONOGRAM	PP-016	PRINTIFY_PRIMARY	TEMPLATE_RESEARCH	V1 retained	Re-score
356	DG2-355	DG-395	Baby & Kids	Initials	NAME_MONOGRAM	PP-016	PRINTIFY_PRIMARY	TEMPLATE_RESEARCH	V1 retained	Re-score
357	DG2-356	DG-396	Baby & Kids	Nursery keepsake	PHOTO_TEXT	PP-016	PRINTIFY_PRIMARY	TEMPLATE_RESEARCH	V1 retained	Re-score
358	DG2-357	DG-397	Baby & Kids	Baby blanket	PHOTO_TEXT	PP-016	PRINTIFY_PRIMARY	TEMPLATE_RESEARCH	V1 retained	Re-score
359	DG2-358	DG-398	Baby & Kids	Baby memorial	MEMORIAL	PP-016	PRINTIFY_PRIMARY	TEMPLATE_RESEARCH	V1 retained	Re-score
360	DG2-359	DG-399	Baby & Kids	Adoption day	PHOTO_TEXT	PP-016	PRINTIFY_PRIMARY	TEMPLATE_RESEARCH	V1 retained	Re-score
361	DG2-360	DG-400	Baby & Kids	Family illustration	PHOTO_TEXT	PP-016	PRINTIFY_PRIMARY	TEMPLATE_RESEARCH	V1 retained	Re-score
362	DG2-361	DG-401	AOP Leggings	Dog face repeat	FACE_REPEAT	PP-017	PRINTIFY_PRIMARY	TEMPLATE_RESEARCH	V1 retained	Re-score
363	DG2-362	DG-402	AOP Leggings	Cat face repeat	FACE_REPEAT	PP-017	PRINTIFY_PRIMARY	TEMPLATE_RESEARCH	V1 retained	Re-score
364	DG2-363	DG-403	AOP Leggings	Multiple pets	FACE_REPEAT	PP-017	PRINTIFY_PRIMARY	TEMPLATE_RESEARCH	V1 retained	Re-score
365	DG2-364	DG-408	AOP Leggings	Couple faces	FACE_REPEAT	PP-017	PRINTIFY_PRIMARY	TEMPLATE_RESEARCH	V1 retained	Re-score
366	DG2-365	DG-417	AOP Leggings	Christmas	FACE_REPEAT	PP-017	PRINTIFY_PRIMARY	TEMPLATE_RESEARCH	V1 retained	Re-score
367	DG2-366	DG-420	AOP Leggings	Pet + name repeat	FACE_REPEAT	PP-017	PRINTIFY_PRIMARY	TEMPLATE_RESEARCH	V1 retained	Re-score
368	DG2-367	DG-421	AOP Leggings	Face + hearts	FACE_REPEAT	PP-017	PRINTIFY_PRIMARY	TEMPLATE_RESEARCH	V1 retained	Re-score
369	DG2-368	DG-422	AOP Leggings	Face + flowers	FACE_REPEAT	PP-017	PRINTIFY_PRIMARY	TEMPLATE_RESEARCH	V1 retained	Re-score
370	DG2-369	DG-424	AOP Leggings	Multi-face family	FACE_REPEAT	PP-017	PRINTIFY_PRIMARY	TEMPLATE_RESEARCH	V1 retained	Re-score
371	DG2-370	DG-425	AOP Leggings	Face + message	FACE_REPEAT	PP-017	PRINTIFY_PRIMARY	TEMPLATE_RESEARCH	V1 retained	Re-score
372	DG2-371	DG-426	Personalized Pajamas	Dog face repeat	FACE_REPEAT	PP-018	PRINTIFY_PRIMARY	TEMPLATE_RESEARCH	V1 retained	Re-score
373	DG2-372	DG-427	Personalized Pajamas	Cat face repeat	FACE_REPEAT	PP-018	PRINTIFY_PRIMARY	TEMPLATE_RESEARCH	V1 retained	Re-score
374	DG2-373	DG-428	Personalized Pajamas	Multi-pet repeat	FACE_REPEAT	PP-018	PRINTIFY_PRIMARY	TEMPLATE_RESEARCH	V1 retained	Re-score
375	DG2-374	DG-429	Personalized Pajamas	Pet + name	FACE_REPEAT	PP-018	PRINTIFY_PRIMARY	TEMPLATE_RESEARCH	V1 retained	Re-score
376	DG2-375	DG-434	Personalized Pajamas	Couple faces	FACE_REPEAT	PP-018	PRINTIFY_PRIMARY	TEMPLATE_RESEARCH	V1 retained	Re-score
377	DG2-376	DG-435	Personalized Pajamas	Child face	FACE_REPEAT	PP-018	PRINTIFY_PRIMARY	TEMPLATE_RESEARCH	V1 retained	Re-score
378	DG2-377	DG-436	Personalized Pajamas	Baby face	FACE_REPEAT	PP-018	PRINTIFY_PRIMARY	TEMPLATE_RESEARCH	V1 retained	Re-score
379	DG2-378	DG-437	Personalized Pajamas	Family faces	FACE_REPEAT	PP-018	PRINTIFY_PRIMARY	TEMPLATE_RESEARCH	V1 retained	Re-score
380	DG2-379	DG-444	Personalized Pajamas	Bride	FACE_REPEAT	PP-018	PRINTIFY_PRIMARY	TEMPLATE_RESEARCH	V1 retained	Re-score
381	DG2-380	DG-445	Personalized Pajamas	Bridesmaids	FACE_REPEAT	PP-018	PRINTIFY_PRIMARY	TEMPLATE_RESEARCH	V1 retained	Re-score
382	DG2-381	DG-446	Personalized Pajamas	Christmas family	FACE_REPEAT	PP-018	PRINTIFY_PRIMARY	TEMPLATE_RESEARCH	V1 retained	Re-score
383	DG2-382	DG-447	Personalized Pajamas	Valentine couple	FACE_REPEAT	PP-018	PRINTIFY_PRIMARY	TEMPLATE_RESEARCH	V1 retained	Re-score
384	DG2-383	DG-448	Personalized Pajamas	Father Day	FACE_REPEAT	PP-018	PRINTIFY_PRIMARY	TEMPLATE_RESEARCH	V1 retained	Re-score
385	DG2-384	DG-449	Personalized Pajamas	Mother Day	FACE_REPEAT	PP-018	PRINTIFY_PRIMARY	TEMPLATE_RESEARCH	V1 retained	Re-score
386	DG2-385	DG-450	Personalized Pajamas	Pet memorial	MEMORIAL	PP-018	PRINTIFY_PRIMARY	TEMPLATE_RESEARCH	V1 retained	Re-score
387	DG2-386	DG-451	Family/Couple/Memorial Gifts	Wedding photo gift	MULTI_PHOTO	PP-019	ROUTE_BY_BASE_PRODUCT	CONFIGURATION_ONLY	V1 retained	Re-score
388	DG2-387	DG-452	Family/Couple/Memorial Gifts	First anniversary	MULTI_PHOTO	PP-019	ROUTE_BY_BASE_PRODUCT	CONFIGURATION_ONLY	V1 retained	Re-score
389	DG2-388	DG-453	Family/Couple/Memorial Gifts	10th anniversary	MULTI_PHOTO	PP-019	ROUTE_BY_BASE_PRODUCT	CONFIGURATION_ONLY	V1 retained	Re-score
390	DG2-389	DG-454	Family/Couple/Memorial Gifts	25th anniversary	MULTI_PHOTO	PP-019	ROUTE_BY_BASE_PRODUCT	CONFIGURATION_ONLY	V1 retained	Re-score
391	DG2-390	DG-455	Family/Couple/Memorial Gifts	50th anniversary	MULTI_PHOTO	PP-019	ROUTE_BY_BASE_PRODUCT	CONFIGURATION_ONLY	V1 retained	Re-score
392	DG2-391	DG-456	Family/Couple/Memorial Gifts	Newlywed	MULTI_PHOTO	PP-019	ROUTE_BY_BASE_PRODUCT	CONFIGURATION_ONLY	V1 retained	Re-score
393	DG2-392	DG-457	Family/Couple/Memorial Gifts	Engagement	MULTI_PHOTO	PP-019	ROUTE_BY_BASE_PRODUCT	CONFIGURATION_ONLY	V1 retained	Re-score
394	DG2-393	DG-458	Family/Couple/Memorial Gifts	Long-distance couple	MULTI_PHOTO	PP-019	ROUTE_BY_BASE_PRODUCT	CONFIGURATION_ONLY	V1 retained	Re-score
395	DG2-394	DG-459	Family/Couple/Memorial Gifts	New baby	MULTI_PHOTO	PP-019	ROUTE_BY_BASE_PRODUCT	CONFIGURATION_ONLY	V1 retained	Re-score
396	DG2-395	DG-460	Family/Couple/Memorial Gifts	Pregnancy announcement	MULTI_PHOTO	PP-019	ROUTE_BY_BASE_PRODUCT	CONFIGURATION_ONLY	V1 retained	Re-score
397	DG2-396	DG-461	Family/Couple/Memorial Gifts	Mother Day	MULTI_PHOTO	PP-019	ROUTE_BY_BASE_PRODUCT	CONFIGURATION_ONLY	V1 retained	Re-score
398	DG2-397	DG-462	Family/Couple/Memorial Gifts	Father Day	MULTI_PHOTO	PP-019	ROUTE_BY_BASE_PRODUCT	CONFIGURATION_ONLY	V1 retained	Re-score
399	DG2-398	DG-463	Family/Couple/Memorial Gifts	Grandma	MULTI_PHOTO	PP-019	ROUTE_BY_BASE_PRODUCT	CONFIGURATION_ONLY	V1 retained	Re-score
400	DG2-399	DG-464	Family/Couple/Memorial Gifts	Grandpa	MULTI_PHOTO	PP-019	ROUTE_BY_BASE_PRODUCT	CONFIGURATION_ONLY	V1 retained	Re-score
401	DG2-400	DG-465	Family/Couple/Memorial Gifts	Family reunion	MULTI_PHOTO	PP-019	ROUTE_BY_BASE_PRODUCT	CONFIGURATION_ONLY	V1 retained	Re-score
402	DG2-401	DG-466	Family/Couple/Memorial Gifts	Graduation	MULTI_PHOTO	PP-019	ROUTE_BY_BASE_PRODUCT	CONFIGURATION_ONLY	V1 retained	Re-score
403	DG2-402	DG-467	Family/Couple/Memorial Gifts	Retirement	MULTI_PHOTO	PP-019	ROUTE_BY_BASE_PRODUCT	CONFIGURATION_ONLY	V1 retained	Re-score
404	DG2-403	DG-468	Family/Couple/Memorial Gifts	New home	MULTI_PHOTO	PP-019	ROUTE_BY_BASE_PRODUCT	CONFIGURATION_ONLY	V1 retained	Re-score
405	DG2-404	DG-469	Family/Couple/Memorial Gifts	Pet memorial	MEMORIAL	PP-019	ROUTE_BY_BASE_PRODUCT	CONFIGURATION_ONLY	V1 retained	Re-score
406	DG2-405	DG-470	Family/Couple/Memorial Gifts	Human memorial	MEMORIAL	PP-019	ROUTE_BY_BASE_PRODUCT	CONFIGURATION_ONLY	V1 retained	Re-score
407	DG2-406	DG-471	Family/Couple/Memorial Gifts	Sympathy keepsake	MEMORIAL	PP-019	ROUTE_BY_BASE_PRODUCT	CONFIGURATION_ONLY	V1 retained	Re-score
408	DG2-407	DG-472	Family/Couple/Memorial Gifts	Best-friend milestone	MULTI_PHOTO	PP-019	ROUTE_BY_BASE_PRODUCT	CONFIGURATION_ONLY	V1 retained	Re-score
409	DG2-408	DG-473	Family/Couple/Memorial Gifts	Vacation memory	MULTI_PHOTO	PP-019	ROUTE_BY_BASE_PRODUCT	CONFIGURATION_ONLY	V1 retained	Re-score
410	DG2-409	DG-474	Family/Couple/Memorial Gifts	Adoption day	MULTI_PHOTO	PP-019	ROUTE_BY_BASE_PRODUCT	CONFIGURATION_ONLY	V1 retained	Re-score
411	DG2-410	DG-475	Family/Couple/Memorial Gifts	Multi-generation	MULTI_PHOTO	PP-019	ROUTE_BY_BASE_PRODUCT	CONFIGURATION_ONLY	V1 retained	Re-score
412	DG2-411	DG-476	Advanced Transformations	Watercolor pet	WATERCOLOR	PP-020	ROUTE_BY_BASE_PRODUCT	CONFIGURATION_ONLY	V1 retained	Re-score
413	DG2-412	DG-478	Advanced Transformations	Pet line art	LINE_ART	PP-020	ROUTE_BY_BASE_PRODUCT	CONFIGURATION_ONLY	V1 retained	Re-score
414	DG2-413	DG-479	Advanced Transformations	Couple line art	LINE_ART	PP-020	ROUTE_BY_BASE_PRODUCT	CONFIGURATION_ONLY	V1 retained	Re-score
415	DG2-414	DG-481	Advanced Transformations	Vintage painted portrait	AI_TRANSFORM	PP-020	ROUTE_BY_BASE_PRODUCT	CONFIGURATION_ONLY	V1 retained	Re-score
416	DG2-415	DG-483	Advanced Transformations	Floral pet	AI_TRANSFORM	PP-020	ROUTE_BY_BASE_PRODUCT	CONFIGURATION_ONLY	V1 retained	Re-score
417	DG2-416	DG-485	Advanced Transformations	Minimalist pet name	AI_TRANSFORM	PP-020	ROUTE_BY_BASE_PRODUCT	CONFIGURATION_ONLY	V1 retained	Re-score
418	DG2-417	DG-488	Advanced Transformations	Family story layout	AI_TRANSFORM	PP-020	ROUTE_BY_BASE_PRODUCT	CONFIGURATION_ONLY	V1 retained	Re-score
419	DG2-418	DG-489	Advanced Transformations	Anniversary story	AI_TRANSFORM	PP-020	ROUTE_BY_BASE_PRODUCT	CONFIGURATION_ONLY	V1 retained	Re-score
420	DG2-419	DG-490	Advanced Transformations	Baby birth-stat illustration	AI_TRANSFORM	PP-020	ROUTE_BY_BASE_PRODUCT	CONFIGURATION_ONLY	V1 retained	Re-score
421	DG2-420	DG-491	Advanced Transformations	House illustration	AI_TRANSFORM	PP-020	ROUTE_BY_BASE_PRODUCT	CONFIGURATION_ONLY	V1 retained	Re-score
422	DG2-421	DG-492	Advanced Transformations	Clean child drawing	CHILD_ART	PP-020	ROUTE_BY_BASE_PRODUCT	CONFIGURATION_ONLY	V1 retained	Re-score
423	DG2-422	DG-493	Advanced Transformations	Handwriting keepsake	HANDWRITING	PP-020	ROUTE_BY_BASE_PRODUCT	CONFIGURATION_ONLY	V1 retained	Re-score
424	DG2-423	DG-494	Advanced Transformations	Recipe keepsake	HANDWRITING	PP-020	ROUTE_BY_BASE_PRODUCT	CONFIGURATION_ONLY	V1 retained	Re-score
425	DG2-424	DG-495	Advanced Transformations	Multi-pet family portrait	AI_TRANSFORM	PP-020	ROUTE_BY_BASE_PRODUCT	CONFIGURATION_ONLY	V1 retained	Re-score
426	DG2-425	DG-496	Advanced Transformations	Old photo restoration	AI_TRANSFORM	PP-020	ROUTE_BY_BASE_PRODUCT	CONFIGURATION_ONLY	V1 retained	Re-score
427	DG2-426	DG-497	Advanced Transformations	Memorial composition	MEMORIAL	PP-020	ROUTE_BY_BASE_PRODUCT	CONFIGURATION_ONLY	V1 retained	Re-score
428	DG2-427	DG-499	Advanced Transformations	Family-history composition	AI_TRANSFORM	PP-020	ROUTE_BY_BASE_PRODUCT	CONFIGURATION_ONLY	V1 retained	Re-score
429	DG2-428	DG-500	Advanced Transformations	AI decorative scene	AI_TRANSFORM	PP-020	ROUTE_BY_BASE_PRODUCT	CONFIGURATION_ONLY	V1 retained	Re-score
430	DG2-429		Personalized Mugs	Grandparent handwriting recipe mug	HANDWRITING	PP-002	PRINTIFY_PRIMARY	TEMPLATE_RESEARCH	V2 addition	Deep research
431	DG2-430		Personalized Mugs	New homeowner address mug	PHOTO_TEXT	PP-002	PRINTIFY_PRIMARY	TEMPLATE_RESEARCH	V2 addition	Deep research
432	DG2-431		Personalized Mugs	Long-distance coordinates mug	PHOTO_TEXT	PP-002	PRINTIFY_PRIMARY	TEMPLATE_RESEARCH	V2 addition	Deep research
433	DG2-432		Personalized T-Shirts	Pet line-art name tee	LINE_ART	PP-003	PRINTIFY_PRIMARY	TEMPLATE_RESEARCH	V2 addition	Deep research
434	DG2-433		Personalized T-Shirts	Family vacation coordinates tee	PHOTO_TEXT	PP-003	PRINTIFY_PRIMARY	TEMPLATE_RESEARCH	V2 addition	Deep research
435	DG2-434		Personalized T-Shirts	Memorial handwriting tee	HANDWRITING	PP-003	PRINTIFY_PRIMARY	TEMPLATE_RESEARCH	V2 addition	Deep research
436	DG2-435		Personalized Sweatshirts	Birth flower + family names	NAME_MONOGRAM	PP-004	PRINTIFY_PRIMARY	TEMPLATE_RESEARCH	V2 addition	Deep research
437	DG2-436		Personalized Sweatshirts	Child artwork keepsake	CHILD_ART	PP-004	PRINTIFY_PRIMARY	TEMPLATE_RESEARCH	V2 addition	Deep research
438	DG2-437		Personalized Sweatshirts	Memorial handwriting	HANDWRITING	PP-004	PRINTIFY_PRIMARY	TEMPLATE_RESEARCH	V2 addition	Deep research
439	DG2-438		Personalized Sweatshirts	Family-name embroidered-look	NAME_MONOGRAM	PP-004	PRINTIFY_PRIMARY	TEMPLATE_RESEARCH	V2 addition	Deep research
440	DG2-439		Personalized Sweatshirts	Grandchildren names	NAME_MONOGRAM	PP-004	PRINTIFY_PRIMARY	TEMPLATE_RESEARCH	V2 addition	Deep research
441	DG2-440		Personalized Sweatshirts	Pet line-art embroidered-look	LINE_ART	PP-004	PRINTIFY_PRIMARY	TEMPLATE_RESEARCH	V2 addition	Deep research
442	DG2-441		Personalized Sweatshirts	House portrait line art	LINE_ART	PP-004	PRINTIFY_PRIMARY	TEMPLATE_RESEARCH	V2 addition	Deep research
443	DG2-442		Photo & Pet Blankets	Baby birth-stats blanket	PHOTO_TEXT	PP-006	PRINTIFY_PRIMARY	TEMPLATE_RESEARCH	V2 addition	Deep research
444	DG2-443		Photo & Pet Blankets	Grandchildren names blanket	NAME_MONOGRAM	PP-006	PRINTIFY_PRIMARY	TEMPLATE_RESEARCH	V2 addition	Deep research
445	DG2-444		Photo & Pet Blankets	Couple timeline blanket	PHOTO_TEXT	PP-006	PRINTIFY_PRIMARY	TEMPLATE_RESEARCH	V2 addition	Deep research
446	DG2-445		Personalized Ornaments	Pet first Christmas	PHOTO_TEXT	PP-010	PRINTIFY_PRIMARY	TEMPLATE_RESEARCH	V2 addition	Deep research
447	DG2-446		Personalized Ornaments	First Christmas engaged	PHOTO_TEXT	PP-010	PRINTIFY_PRIMARY	TEMPLATE_RESEARCH	V2 addition	Deep research
448	DG2-447		Personalized Ornaments	Grandparents + grandkids names	NAME_MONOGRAM	PP-010	PRINTIFY_PRIMARY	TEMPLATE_RESEARCH	V2 addition	Deep research
449	DG2-448		Personalized Journals	Memory journal	NAME_MONOGRAM	PP-013	PRINTIFY_PRIMARY	TEMPLATE_RESEARCH	V2 addition	Deep research
450	DG2-449		Personalized Journals	Couple adventure journal	PHOTO_TEXT	PP-013	PRINTIFY_PRIMARY	TEMPLATE_RESEARCH	V2 addition	Deep research
451	DG2-450		Personalized Journals	Grandparent story journal	NAME_MONOGRAM	PP-013	PRINTIFY_PRIMARY	TEMPLATE_RESEARCH	V2 addition	Deep research
452	DG2-451		Personalized Drinkware	New homeowner drinkware	PHOTO_TEXT	PP-015	PRINTIFY_PRIMARY	TEMPLATE_RESEARCH	V2 addition	Deep research
453	DG2-452		Personalized Drinkware	Retirement keepsake drinkware	PHOTO_TEXT	PP-015	PRINTIFY_PRIMARY	TEMPLATE_RESEARCH	V2 addition	Deep research
454	DG2-453		Personalized Drinkware	Long-distance coordinates drinkware	PHOTO_TEXT	PP-015	PRINTIFY_PRIMARY	TEMPLATE_RESEARCH	V2 addition	Deep research
455	DG2-454		Family/Couple/Memorial Gifts	First Mother's Day keepsake	PHOTO_TEXT	PP-019	PRINTIFY_PRIMARY	TEMPLATE_RESEARCH	V2 addition	Deep research
456	DG2-455		Family/Couple/Memorial Gifts	First Father's Day keepsake	PHOTO_TEXT	PP-019	PRINTIFY_PRIMARY	TEMPLATE_RESEARCH	V2 addition	Deep research
457	DG2-456		Family/Couple/Memorial Gifts	Grandparent story keepsake	HANDWRITING	PP-019	PRINTIFY_PRIMARY	TEMPLATE_RESEARCH	V2 addition	Deep research
458	DG2-457		Family/Couple/Memorial Gifts	Family handwriting keepsake	HANDWRITING	PP-019	PRINTIFY_PRIMARY	TEMPLATE_RESEARCH	V2 addition	Deep research
459	DG2-458		Family/Couple/Memorial Gifts	Couple timeline keepsake	PHOTO_TEXT	PP-019	PRINTIFY_PRIMARY	TEMPLATE_RESEARCH	V2 addition	Deep research
460	DG2-459		NEW Kitchen/Home Keepsakes	Handwritten recipe tea towel	HANDWRITING	V2-PRODUCT-RESEARCH	PROVIDER_RESEARCH_REQUIRED	PRODUCT_SELECTION	V2 new family	Provider + demand research
461	DG2-460		NEW Kitchen/Home Keepsakes	Grandma recipe towel	HANDWRITING	V2-PRODUCT-RESEARCH	PROVIDER_RESEARCH_REQUIRED	PRODUCT_SELECTION	V2 new family	Provider + demand research
462	DG2-461		NEW Kitchen/Home Keepsakes	Family recipe apron	HANDWRITING	V2-PRODUCT-RESEARCH	PROVIDER_RESEARCH_REQUIRED	PRODUCT_SELECTION	V2 new family	Provider + demand research
463	DG2-462		NEW Kitchen/Home Keepsakes	Child artwork apron	CHILD_ART	V2-PRODUCT-RESEARCH	PROVIDER_RESEARCH_REQUIRED	PRODUCT_SELECTION	V2 new family	Provider + demand research
464	DG2-463		NEW Kitchen/Home Keepsakes	Pet portrait apron	PET_PORTRAIT	V2-PRODUCT-RESEARCH	PROVIDER_RESEARCH_REQUIRED	PRODUCT_SELECTION	V2 new family	Provider + demand research
465	DG2-464		NEW Kitchen/Home Keepsakes	Family-name kitchen towel	NAME_MONOGRAM	V2-PRODUCT-RESEARCH	PROVIDER_RESEARCH_REQUIRED	PRODUCT_SELECTION	V2 new family	Provider + demand research
466	DG2-465		NEW Kitchen/Home Keepsakes	New-home kitchen gift	PHOTO_TEXT	V2-PRODUCT-RESEARCH	PROVIDER_RESEARCH_REQUIRED	PRODUCT_SELECTION	V2 new family	Provider + demand research
467	DG2-466		NEW Kitchen/Home Keepsakes	Couple wedding kitchen gift	PHOTO_TEXT	V2-PRODUCT-RESEARCH	PROVIDER_RESEARCH_REQUIRED	PRODUCT_SELECTION	V2 new family	Provider + demand research
468	DG2-467		NEW Kitchen/Home Keepsakes	Mom recipe keepsake	HANDWRITING	V2-PRODUCT-RESEARCH	PROVIDER_RESEARCH_REQUIRED	PRODUCT_SELECTION	V2 new family	Provider + demand research
469	DG2-468		NEW Kitchen/Home Keepsakes	Grandparent handwriting keepsake	HANDWRITING	V2-PRODUCT-RESEARCH	PROVIDER_RESEARCH_REQUIRED	PRODUCT_SELECTION	V2 new family	Provider + demand research
470	DG2-469		NEW Kitchen/Home Keepsakes	Recipe cutting-board opportunity	HANDWRITING	V2-PRODUCT-RESEARCH	PROVIDER_RESEARCH_REQUIRED	PRODUCT_SELECTION	V2 new family	Provider + demand research
471	DG2-470		NEW Kitchen/Home Keepsakes	Memorial recipe keepsake	HANDWRITING	V2-PRODUCT-RESEARCH	PROVIDER_RESEARCH_REQUIRED	PRODUCT_SELECTION	V2 new family	Provider + demand research
472	DG2-471		NEW Desk/Tech Accessories	Pet desk mat	PET_PORTRAIT	V2-PRODUCT-RESEARCH	PROVIDER_RESEARCH_REQUIRED	PRODUCT_SELECTION	V2 new family	Provider + demand research
473	DG2-472		NEW Desk/Tech Accessories	Name desk mat	NAME_MONOGRAM	V2-PRODUCT-RESEARCH	PROVIDER_RESEARCH_REQUIRED	PRODUCT_SELECTION	V2 new family	Provider + demand research
474	DG2-473		NEW Desk/Tech Accessories	Family photo desk mat	PHOTO_COLLAGE	V2-PRODUCT-RESEARCH	PROVIDER_RESEARCH_REQUIRED	PRODUCT_SELECTION	V2 new family	Provider + demand research
475	DG2-474		NEW Desk/Tech Accessories	Gaming-name desk mat	NAME_MONOGRAM	V2-PRODUCT-RESEARCH	PROVIDER_RESEARCH_REQUIRED	PRODUCT_SELECTION	V2 new family	Provider + demand research
476	DG2-475		NEW Desk/Tech Accessories	Child artwork desk mat	CHILD_ART	V2-PRODUCT-RESEARCH	PROVIDER_RESEARCH_REQUIRED	PRODUCT_SELECTION	V2 new family	Provider + demand research
477	DG2-476		NEW Desk/Tech Accessories	Pet mouse pad	PET_PORTRAIT	V2-PRODUCT-RESEARCH	PROVIDER_RESEARCH_REQUIRED	PRODUCT_SELECTION	V2 new family	Provider + demand research
478	DG2-477		NEW Desk/Tech Accessories	Photo mouse pad	SINGLE_PHOTO	V2-PRODUCT-RESEARCH	PROVIDER_RESEARCH_REQUIRED	PRODUCT_SELECTION	V2 new family	Provider + demand research
479	DG2-478		NEW Desk/Tech Accessories	Monogram laptop sleeve	NAME_MONOGRAM	V2-PRODUCT-RESEARCH	PROVIDER_RESEARCH_REQUIRED	PRODUCT_SELECTION	V2 new family	Provider + demand research
480	DG2-479		NEW Desk/Tech Accessories	Pet laptop sleeve	PET_PORTRAIT	V2-PRODUCT-RESEARCH	PROVIDER_RESEARCH_REQUIRED	PRODUCT_SELECTION	V2 new family	Provider + demand research
481	DG2-480		NEW Desk/Tech Accessories	Travel-photo laptop sleeve	SINGLE_PHOTO	V2-PRODUCT-RESEARCH	PROVIDER_RESEARCH_REQUIRED	PRODUCT_SELECTION	V2 new family	Provider + demand research
482	DG2-481		NEW Travel Accessories	Couple luggage tag	PHOTO_TEXT	V2-PRODUCT-RESEARCH	PROVIDER_RESEARCH_REQUIRED	PRODUCT_SELECTION	V2 new family	Provider + demand research
483	DG2-482		NEW Travel Accessories	Family luggage tag	NAME_MONOGRAM	V2-PRODUCT-RESEARCH	PROVIDER_RESEARCH_REQUIRED	PRODUCT_SELECTION	V2 new family	Provider + demand research
484	DG2-483		NEW Travel Accessories	Honeymoon luggage tag	PHOTO_TEXT	V2-PRODUCT-RESEARCH	PROVIDER_RESEARCH_REQUIRED	PRODUCT_SELECTION	V2 new family	Provider + demand research
485	DG2-484		NEW Travel Accessories	Destination-wedding luggage tag	PHOTO_TEXT	V2-PRODUCT-RESEARCH	PROVIDER_RESEARCH_REQUIRED	PRODUCT_SELECTION	V2 new family	Provider + demand research
486	DG2-485		NEW Travel Accessories	Kids luggage tag	NAME_MONOGRAM	V2-PRODUCT-RESEARCH	PROVIDER_RESEARCH_REQUIRED	PRODUCT_SELECTION	V2 new family	Provider + demand research
487	DG2-486		NEW Travel Accessories	Pet-photo luggage tag	PET_PORTRAIT	V2-PRODUCT-RESEARCH	PROVIDER_RESEARCH_REQUIRED	PRODUCT_SELECTION	V2 new family	Provider + demand research
488	DG2-487		NEW Travel Accessories	Name travel pouch	NAME_MONOGRAM	V2-PRODUCT-RESEARCH	PROVIDER_RESEARCH_REQUIRED	PRODUCT_SELECTION	V2 new family	Provider + demand research
489	DG2-488		NEW Travel Accessories	Bridal travel pouch	NAME_MONOGRAM	V2-PRODUCT-RESEARCH	PROVIDER_RESEARCH_REQUIRED	PRODUCT_SELECTION	V2 new family	Provider + demand research
490	DG2-489		NEW Travel Accessories	Personalized toiletry bag	NAME_MONOGRAM	V2-PRODUCT-RESEARCH	PROVIDER_RESEARCH_REQUIRED	PRODUCT_SELECTION	V2 new family	Provider + demand research
491	DG2-490		NEW Travel Accessories	Family-vacation travel accessory	PHOTO_TEXT	V2-PRODUCT-RESEARCH	PROVIDER_RESEARCH_REQUIRED	PRODUCT_SELECTION	V2 new family	Provider + demand research
492	DG2-491		NEW Hats/Caps/Beanies	Pet line-art cap	LINE_ART	V2-PRODUCT-RESEARCH	PROVIDER_RESEARCH_REQUIRED	PRODUCT_SELECTION	V2 new family	Provider + demand research
493	DG2-492		NEW Hats/Caps/Beanies	Pet-name cap	NAME_MONOGRAM	V2-PRODUCT-RESEARCH	PROVIDER_RESEARCH_REQUIRED	PRODUCT_SELECTION	V2 new family	Provider + demand research
494	DG2-493		NEW Hats/Caps/Beanies	Dog-mom cap	NAME_MONOGRAM	V2-PRODUCT-RESEARCH	PROVIDER_RESEARCH_REQUIRED	PRODUCT_SELECTION	V2 new family	Provider + demand research
495	DG2-494		NEW Hats/Caps/Beanies	Dog-dad cap	NAME_MONOGRAM	V2-PRODUCT-RESEARCH	PROVIDER_RESEARCH_REQUIRED	PRODUCT_SELECTION	V2 new family	Provider + demand research
496	DG2-495		NEW Hats/Caps/Beanies	Initial cap	NAME_MONOGRAM	V2-PRODUCT-RESEARCH	PROVIDER_RESEARCH_REQUIRED	PRODUCT_SELECTION	V2 new family	Provider + demand research
497	DG2-496		NEW Hats/Caps/Beanies	Couple-initials cap	NAME_MONOGRAM	V2-PRODUCT-RESEARCH	PROVIDER_RESEARCH_REQUIRED	PRODUCT_SELECTION	V2 new family	Provider + demand research
498	DG2-497		NEW Hats/Caps/Beanies	Dad/Grandpa cap	NAME_MONOGRAM	V2-PRODUCT-RESEARCH	PROVIDER_RESEARCH_REQUIRED	PRODUCT_SELECTION	V2 new family	Provider + demand research
499	DG2-498		NEW Hats/Caps/Beanies	Mom/Grandma cap	NAME_MONOGRAM	V2-PRODUCT-RESEARCH	PROVIDER_RESEARCH_REQUIRED	PRODUCT_SELECTION	V2 new family	Provider + demand research
500	DG2-499		NEW Hats/Caps/Beanies	Handwriting cap	HANDWRITING	V2-PRODUCT-RESEARCH	PROVIDER_RESEARCH_REQUIRED	PRODUCT_SELECTION	V2 new family	Provider + demand research
501	DG2-500		NEW Hats/Caps/Beanies	Minimal-name beanie	NAME_MONOGRAM	V2-PRODUCT-RESEARCH	PROVIDER_RESEARCH_REQUIRED	PRODUCT_SELECTION	V2 new family	Provider + demand research
